{"frequency": [{"value": 3231, "name": "Guo Jing"}, {"value": 2454, "name": "Huang Rong"}, {"value": 824, "name": "Ou Yangfeng"}, {"value": 720, "name": "Hong Qigong"}, {"value": 618, "name": "Huang Yaoshi"}, {"value": 527, "name": "Yang Kang"}, {"value": 473, "name": "Zhou Botong"}, {"value": 439, "name": "Ou Yangke"}, {"value": 428, "name": "Qiu Chuji"}, {"value": 341, "name": "Mei Chaofeng"}, {"value": 324, "name": "Ke Zhene"}, {"value": 287, "name": "Zhu Cong"}, {"value": 272, "name": "Wan Yanhonglie"}, {"value": 270, "name": "Qiu Qianren"}, {"value": 231, "name": "Mu Nianci"}, {"value": 222, "name": "Tie Muzhen"}, {"value": 203, "name": "Peng Lianhu"}, {"value": 192, "name": "Yang Tiexin"}, {"value": 188, "name": "Lu Guanying"}, {"value": 161, "name": "Tuo Lei"}], "density": {"value": 0.25068664169787763, "name": "网络密度"}, "centrality": {"names": ["Guo Jing", "Huang Rong", "Ou Yangfeng", "Hong Qigong", "Huang Yaoshi", "Yang Kang", "Zhou Botong", "Ou Yangke", "Qiu Chuji", "Mei Chaofeng", "Ke Zhene", "Zhu Cong", "Wan Yanhonglie", "Qiu Qianren", "Mu Nianci", "Tie Muzhen", "Peng Lianhu", "Yang Tiexin", "Lu Guanying", "Tuo Lei", "Ying Gu", "Wang Chuyi", "Liang Ziweng", "Yi Deng", "Ma Yu", "Han Xiaoying", "Hua Zheng", "Han Baoju", "Bao Xiruo", "Sha Tongtian", "Hou Tonghai", "Quan Jinfa", "Cheng Yaojia", "Lu Youjiao", "Yin Zhiping", "Nan Xiren", "Duan Tiande", "Yu Ren", "Guo Xiaotian", "Ling Zhishangren", "Li Ping", "Sang Kun", "Wang Han", "Zha Muhe", "Jian Zhanglao", "Zhang Asheng", "Chen Xuanfeng", "Lu Chengfeng", "Dou Shi", "Jiao Mu", "Yan Lie", "Wang Chongyang", "Bo Ershu", "Pang Zi", "Li Sheng", "Peng Zhanglao", "Shu Chi", "Wan Yanhongxi", "Wo Kuotai", "Sun Buer", "Cha Hetai", "Tan Chuduan", "Bo Erhu", "Qu San", "Qiu Qianzhang", "Liu Chuxuan", "Hao Datong", "Mu Huali", "Ku Mu", "Zhang Shiwu", "Chi Laowen", "Qu Lingfeng", "Lv Wende", "Zhe Leimi", "Qian Qingjian", "Ma Qingxiong", "Liang Zhanglao", "Yu Zhaoxing", "Tian Zhusengren", "Tang Zude", "Shen Qinggang", "Wu Qinglie", "Yu Qiaogengdu", "Shou Gai", "Pang Furen", "Pang Gai", "Hu Douhu", "Qiao Zhaizhu", "Han Chazhou", "Qu Shagu"], "pinyinnames": ["Guo Jing", "Huang Rong", "Ou Yangfeng", "Hong Qigong", "Huang Yaoshi", "Yang Kang", "Zhou Botong", "Ou Yangke", "Qiu Chuji", "Mei Chaofeng", "Ke Zhene", "Zhu Cong", "Wan Yanhonglie", "Qiu Qianren", "Mu Nianci", "Tie Muzhen", "Peng Lianhu", "Yang Tiexin", "Lu Guanying", "Tuo Lei", "Ying Gu", "Wang Chuyi", "Liang Ziweng", "Yi Deng", "Ma Yu", "Han Xiaoying", "Hua Zheng", "Han Baoju", "Bao Xiruo", "Sha Tongtian", "Hou Tonghai", "Quan Jinfa", "Cheng Yaojia", "Lu Youjiao", "Yin Zhiping", "Nan Xiren", "Duan Tiande", "Yu Ren", "Guo Xiaotian", "Ling Zhishangren", "Li Ping", "Sang Kun", "Wang Han", "Zha Muhe", "Jian Zhanglao", "Zhang Asheng", "Chen Xuanfeng", "Lu Chengfeng", "Dou Shi", "Jiao Mu", "Yan Lie", "Wang Chongyang", "Bo Ershu", "Pang Zi", "Li Sheng", "Peng Zhanglao", "Shu Chi", "Wan Yanhongxi", "Wo Kuotai", "Sun Buer", "Cha Hetai", "Tan Chuduan", "Bo Erhu", "Qu San", "Qiu Qianzhang", "Liu Chuxuan", "Hao Datong", "Mu Huali", "Ku Mu", "Zhang Shiwu", "Chi Laowen", "Qu Lingfeng", "Lv Wende", "Zhe Leimi", "Qian Qingjian", "Ma Qingxiong", "Liang Zhanglao", "Yu Zhaoxing", "Tian Zhusengren", "Tang Zude", "Shen Qinggang", "Wu Qinglie", "Yu Qiaogengdu", "Shou Gai", "Pang Furen", "Pang Gai", "Hu Douhu", "Qiao Zhaizhu", "Han Chazhou", "Qu Shagu"], "degree": [0.921, 0.753, 0.494, 0.461, 0.517, 0.618, 0.382, 0.449, 0.573, 0.449, 0.562, 0.517, 0.528, 0.472, 0.382, 0.292, 0.337, 0.315, 0.348, 0.472, 0.213, 0.371, 0.247, 0.213, 0.449, 0.36, 0.382, 0.315, 0.213, 0.416, 0.337, 0.36, 0.236, 0.236, 0.326, 0.326, 0.27, 0.112, 0.202, 0.202, 0.213, 0.18, 0.18, 0.169, 0.157, 0.213, 0.247, 0.27, 0.225, 0.191, 0.079, 0.281, 0.213, 0.247, 0.146, 0.112, 0.169, 0.124, 0.146, 0.27, 0.18, 0.213, 0.225, 0.022, 0.101, 0.213, 0.191, 0.169, 0.135, 0.022, 0.146, 0.079, 0.022, 0.079, 0.157, 0.146, 0.146, 0.112, 0.056, 0.09, 0.135, 0.135, 0.056, 0.079, 0.034, 0.079, 0.022, 0.011, 0.022, 0.022], "between": [0.234, 0.088, 0.014, 0.022, 0.014, 0.049, 0.005, 0.012, 0.028, 0.009, 0.028, 0.02, 0.055, 0.012, 0.009, 0.024, 0.003, 0.033, 0.007, 0.026, 0.003, 0.005, 0.001, 0.002, 0.009, 0.005, 0.015, 0.003, 0.008, 0.008, 0.004, 0.006, 0.002, 0.005, 0.002, 0.003, 0.004, 0.0, 0.017, 0.0, 0.003, 0.001, 0.001, 0.001, 0.001, 0.0, 0.002, 0.004, 0.002, 0.001, 0.0, 0.001, 0.003, 0.003, 0.0, 0.0, 0.001, 0.0, 0.001, 0.001, 0.001, 0.0, 0.006, 0.0, 0.0, 0.0, 0.0, 0.001, 0.0, 0.0, 0.001, 0.0, 0.0, 0.004, 0.0, 0.0, 0.0, 0.0, 0.0, 0.0, 0.0, 0.0, 0.0, 0.0, 0.0, 0.0, 0.0, 0.0, 0.0, 0.0], "closeness": [0.927, 0.795, 0.65, 0.636, 0.659, 0.718, 0.605, 0.64, 0.701, 0.636, 0.695, 0.674, 0.679, 0.64, 0.614, 0.574, 0.597, 0.589, 0.593, 0.654, 0.543, 0.61, 0.567, 0.546, 0.64, 0.605, 0.614, 0.589, 0.556, 0.627, 0.589, 0.605, 0.553, 0.553, 0.582, 0.597, 0.574, 0.511, 0.553, 0.546, 0.56, 0.539, 0.539, 0.536, 0.527, 0.546, 0.563, 0.574, 0.553, 0.546, 0.464, 0.567, 0.546, 0.56, 0.524, 0.514, 0.536, 0.524, 0.52, 0.563, 0.539, 0.546, 0.553, 0.379, 0.514, 0.546, 0.539, 0.536, 0.524, 0.379, 0.52, 0.5, 0.486, 0.503, 0.524, 0.524, 0.524, 0.514, 0.494, 0.481, 0.517, 0.517, 0.497, 0.506, 0.489, 0.506, 0.368, 0.484, 0.41, 0.432]}, "degree": {"data": [0.921, 0.753, 0.618, 0.573, 0.562, 0.528, 0.517, 0.517, 0.494, 0.472, 0.472, 0.461, 0.449, 0.449, 0.449, 0.416, 0.382, 0.382, 0.382, 0.371, 0.36, 0.36, 0.348, 0.337, 0.337, 0.326, 0.326, 0.315, 0.315, 0.292, 0.281, 0.27, 0.27, 0.27, 0.247, 0.247, 0.247, 0.236, 0.236, 0.225, 0.225, 0.213, 0.213, 0.213, 0.213, 0.213, 0.213, 0.213, 0.213, 0.202, 0.202, 0.191, 0.191, 0.18, 0.18, 0.18, 0.169, 0.169, 0.169, 0.157, 0.157, 0.146, 0.146, 0.146, 0.146, 0.146, 0.135, 0.135, 0.135, 0.124, 0.112, 0.112, 0.112, 0.101, 0.09, 0.079, 0.079, 0.079, 0.079, 0.079, 0.056, 0.056, 0.034, 0.022, 0.022, 0.022, 0.022, 0.022, 0.022, 0.011], "name": ["Guo Jing", "Huang Rong", "Yang Kang", "Qiu Chuji", "Ke Zhene", "Wan Yanhonglie", "Zhu Cong", "Huang Yaoshi", "Ou Yangfeng", "Tuo Lei", "Qiu Qianren", "Hong Qigong", "Ou Yangke", "Mei Chaofeng", "Ma Yu", "Sha Tongtian", "Zhou Botong", "Mu Nianci", "Hua Zheng", "Wang Chuyi", "Quan Jinfa", "Han Xiaoying", "Lu Guanying", "Peng Lianhu", "Hou Tonghai", "Yin Zhiping", "Nan Xiren", "Yang Tiexin", "Han Baoju", "Tie Muzhen", "Wang Chongyang", "Sun Buer", "Lu Chengfeng", "Duan Tiande", "Pang Zi", "Liang Ziweng", "Chen Xuanfeng", "Lu Youjiao", "Cheng Yaojia", "Dou Shi", "Bo Erhu", "Zhang Asheng", "Ying Gu", "Yi Deng", "Tan Chuduan", "Liu Chuxuan", "Li Ping", "Bo Ershu", "Bao Xiruo", "Ling Zhishangren", "Guo Xiaotian", "Jiao Mu", "Hao Datong", "Wang Han", "Sang Kun", "Cha Hetai", "Zha Muhe", "Shu Chi", "Mu Huali", "Qian Qingjian", "Jian Zhanglao", "Wo Kuotai", "Ma Qingxiong", "Liang Zhanglao", "Li Sheng", "Chi Laowen", "Wu Qinglie", "Shen Qinggang", "Ku Mu", "Wan Yanhongxi", "Yu Zhaoxing", "Yu Ren", "Peng Zhanglao", "Qiu Qianzhang", "Tang Zude", "Zhe Leimi", "Yan Lie", "Shou Gai", "Qu Lingfeng", "Pang Gai", "Yu Qiaogengdu", "Tian Zhusengren", "Pang Furen", "Zhang Shiwu", "Qu Shagu", "Qu San", "Lv Wende", "Hu Douhu", "Han Chazhou", "Qiao Zhaizhu"], "pinyinname": ["Guo Jing", "Huang Rong", "Yang Kang", "Qiu Chuji", "Ke Zhene", "Wan Yanhonglie", "Zhu Cong", "Huang Yaoshi", "Ou Yangfeng", "Tuo Lei", "Qiu Qianren", "Hong Qigong", "Ou Yangke", "Mei Chaofeng", "Ma Yu", "Sha Tongtian", "Zhou Botong", "Mu Nianci", "Hua Zheng", "Wang Chuyi", "Quan Jinfa", "Han Xiaoying", "Lu Guanying", "Peng Lianhu", "Hou Tonghai", "Yin Zhiping", "Nan Xiren", "Yang Tiexin", "Han Baoju", "Tie Muzhen", "Wang Chongyang", "Sun Buer", "Lu Chengfeng", "Duan Tiande", "Pang Zi", "Liang Ziweng", "Chen Xuanfeng", "Lu Youjiao", "Cheng Yaojia", "Dou Shi", "Bo Erhu", "Zhang Asheng", "Ying Gu", "Yi Deng", "Tan Chuduan", "Liu Chuxuan", "Li Ping", "Bo Ershu", "Bao Xiruo", "Ling Zhishangren", "Guo Xiaotian", "Jiao Mu", "Hao Datong", "Wang Han", "Sang Kun", "Cha Hetai", "Zha Muhe", "Shu Chi", "Mu Huali", "Qian Qingjian", "Jian Zhanglao", "Wo Kuotai", "Ma Qingxiong", "Liang Zhanglao", "Li Sheng", "Chi Laowen", "Wu Qinglie", "Shen Qinggang", "Ku Mu", "Wan Yanhongxi", "Yu Zhaoxing", "Yu Ren", "Peng Zhanglao", "Qiu Qianzhang", "Tang Zude", "Zhe Leimi", "Yan Lie", "Shou Gai", "Qu Lingfeng", "Pang Gai", "Yu Qiaogengdu", "Tian Zhusengren", "Pang Furen", "Zhang Shiwu", "Qu Shagu", "Qu San", "Lv Wende", "Hu Douhu", "Han Chazhou", "Qiao Zhaizhu"]}, "between": {"data": [0.234, 0.088, 0.055, 0.049, 0.033, 0.028, 0.028, 0.026, 0.024, 0.022, 0.02, 0.017, 0.015, 0.014, 0.014, 0.012, 0.012, 0.009, 0.009, 0.009, 0.008, 0.008, 0.007, 0.006, 0.006, 0.005, 0.005, 0.005, 0.005, 0.004, 0.004, 0.004, 0.004, 0.003, 0.003, 0.003, 0.003, 0.003, 0.003, 0.003, 0.002, 0.002, 0.002, 0.002, 0.002, 0.001, 0.001, 0.001, 0.001, 0.001, 0.001, 0.001, 0.001, 0.001, 0.001, 0.001, 0.001, 0.001, 0.0, 0.0, 0.0, 0.0, 0.0, 0.0, 0.0, 0.0, 0.0, 0.0, 0.0, 0.0, 0.0, 0.0, 0.0, 0.0, 0.0, 0.0, 0.0, 0.0, 0.0, 0.0, 0.0, 0.0, 0.0, 0.0, 0.0, 0.0, 0.0, 0.0, 0.0, 0.0], "name": ["Guo Jing", "Huang Rong", "Wan Yanhonglie", "Yang Kang", "Yang Tiexin", "Qiu Chuji", "Ke Zhene", "Tuo Lei", "Tie Muzhen", "Hong Qigong", "Zhu Cong", "Guo Xiaotian", "Hua Zheng", "Ou Yangfeng", "Huang Yaoshi", "Qiu Qianren", "Ou Yangke", "Mu Nianci", "Mei Chaofeng", "Ma Yu", "Sha Tongtian", "Bao Xiruo", "Lu Guanying", "Quan Jinfa", "Bo Erhu", "Zhou Botong", "Wang Chuyi", "Lu Youjiao", "Han Xiaoying", "Zhe Leimi", "Lu Chengfeng", "Hou Tonghai", "Duan Tiande", "Ying Gu", "Peng Lianhu", "Pang Zi", "Nan Xiren", "Li Ping", "Han Baoju", "Bo Ershu", "Yin Zhiping", "Yi Deng", "Dou Shi", "Cheng Yaojia", "Chen Xuanfeng", "Zha Muhe", "Wo Kuotai", "Wang Han", "Wang Chongyang", "Sun Buer", "Shu Chi", "Sang Kun", "Mu Huali", "Liang Ziweng", "Jiao Mu", "Jian Zhanglao", "Chi Laowen", "Cha Hetai", "Zhang Shiwu", "Zhang Asheng", "Yu Zhaoxing", "Yu Ren", "Yu Qiaogengdu", "Yan Lie", "Wu Qinglie", "Wan Yanhongxi", "Tian Zhusengren", "Tang Zude", "Tan Chuduan", "Shou Gai", "Shen Qinggang", "Qu Shagu", "Qu San", "Qu Lingfeng", "Qiu Qianzhang", "Qiao Zhaizhu", "Qian Qingjian", "Peng Zhanglao", "Pang Gai", "Pang Furen", "Ma Qingxiong", "Lv Wende", "Liu Chuxuan", "Ling Zhishangren", "Liang Zhanglao", "Li Sheng", "Ku Mu", "Hu Douhu", "Hao Datong", "Han Chazhou"], "pinyinname": ["Guo Jing", "Huang Rong", "Wan Yanhonglie", "Yang Kang", "Yang Tiexin", "Qiu Chuji", "Ke Zhene", "Tuo Lei", "Tie Muzhen", "Hong Qigong", "Zhu Cong", "Guo Xiaotian", "Hua Zheng", "Ou Yangfeng", "Huang Yaoshi", "Qiu Qianren", "Ou Yangke", "Mu Nianci", "Mei Chaofeng", "Ma Yu", "Sha Tongtian", "Bao Xiruo", "Lu Guanying", "Quan Jinfa", "Bo Erhu", "Zhou Botong", "Wang Chuyi", "Lu Youjiao", "Han Xiaoying", "Zhe Leimi", "Lu Chengfeng", "Hou Tonghai", "Duan Tiande", "Ying Gu", "Peng Lianhu", "Pang Zi", "Nan Xiren", "Li Ping", "Han Baoju", "Bo Ershu", "Yin Zhiping", "Yi Deng", "Dou Shi", "Cheng Yaojia", "Chen Xuanfeng", "Zha Muhe", "Wo Kuotai", "Wang Han", "Wang Chongyang", "Sun Buer", "Shu Chi", "Sang Kun", "Mu Huali", "Liang Ziweng", "Jiao Mu", "Jian Zhanglao", "Chi Laowen", "Cha Hetai", "Zhang Shiwu", "Zhang Asheng", "Yu Zhaoxing", "Yu Ren", "Yu Qiaogengdu", "Yan Lie", "Wu Qinglie", "Wan Yanhongxi", "Tian Zhusengren", "Tang Zude", "Tan Chuduan", "Shou Gai", "Shen Qinggang", "Qu Shagu", "Qu San", "Qu Lingfeng", "Qiu Qianzhang", "Qiao Zhaizhu", "Qian Qingjian", "Peng Zhanglao", "Pang Gai", "Pang Furen", "Ma Qingxiong", "Lv Wende", "Liu Chuxuan", "Ling Zhishangren", "Liang Zhanglao", "Li Sheng", "Ku Mu", "Hu Douhu", "Hao Datong", "Han Chazhou"]}, "closeness": {"data": [0.927, 0.795, 0.718, 0.701, 0.695, 0.679, 0.674, 0.659, 0.654, 0.65, 0.64, 0.64, 0.64, 0.636, 0.636, 0.627, 0.614, 0.614, 0.61, 0.605, 0.605, 0.605, 0.597, 0.597, 0.593, 0.589, 0.589, 0.589, 0.582, 0.574, 0.574, 0.574, 0.567, 0.567, 0.563, 0.563, 0.56, 0.56, 0.556, 0.553, 0.553, 0.553, 0.553, 0.553, 0.546, 0.546, 0.546, 0.546, 0.546, 0.546, 0.546, 0.543, 0.539, 0.539, 0.539, 0.539, 0.536, 0.536, 0.536, 0.527, 0.524, 0.524, 0.524, 0.524, 0.524, 0.524, 0.52, 0.52, 0.517, 0.517, 0.514, 0.514, 0.514, 0.511, 0.506, 0.506, 0.503, 0.5, 0.497, 0.494, 0.489, 0.486, 0.484, 0.481, 0.464, 0.432, 0.41, 0.379, 0.379, 0.368], "name": ["Guo Jing", "Huang Rong", "Yang Kang", "Qiu Chuji", "Ke Zhene", "Wan Yanhonglie", "Zhu Cong", "Huang Yaoshi", "Tuo Lei", "Ou Yangfeng", "Qiu Qianren", "Ou Yangke", "Ma Yu", "Mei Chaofeng", "Hong Qigong", "Sha Tongtian", "Mu Nianci", "Hua Zheng", "Wang Chuyi", "Zhou Botong", "Quan Jinfa", "Han Xiaoying", "Peng Lianhu", "Nan Xiren", "Lu Guanying", "Yang Tiexin", "Hou Tonghai", "Han Baoju", "Yin Zhiping", "Tie Muzhen", "Lu Chengfeng", "Duan Tiande", "Wang Chongyang", "Liang Ziweng", "Sun Buer", "Chen Xuanfeng", "Pang Zi", "Li Ping", "Bao Xiruo", "Lu Youjiao", "Guo Xiaotian", "Dou Shi", "Cheng Yaojia", "Bo Erhu", "Zhang Asheng", "Yi Deng", "Tan Chuduan", "Liu Chuxuan", "Ling Zhishangren", "Jiao Mu", "Bo Ershu", "Ying Gu", "Wang Han", "Sang Kun", "Hao Datong", "Cha Hetai", "Zha Muhe", "Shu Chi", "Mu Huali", "Jian Zhanglao", "Wan Yanhongxi", "Qian Qingjian", "Ma Qingxiong", "Liang Zhanglao", "Li Sheng", "Ku Mu", "Wo Kuotai", "Chi Laowen", "Wu Qinglie", "Shen Qinggang", "Yu Zhaoxing", "Qiu Qianzhang", "Peng Zhanglao", "Yu Ren", "Shou Gai", "Pang Gai", "Zhe Leimi", "Qu Lingfeng", "Yu Qiaogengdu", "Tian Zhusengren", "Pang Furen", "Lv Wende", "Qiao Zhaizhu", "Tang Zude", "Yan Lie", "Qu Shagu", "Han Chazhou", "Zhang Shiwu", "Qu San", "Hu Douhu"], "pinyinname": ["Guo Jing", "Huang Rong", "Yang Kang", "Qiu Chuji", "Ke Zhene", "Wan Yanhonglie", "Zhu Cong", "Huang Yaoshi", "Tuo Lei", "Ou Yangfeng", "Qiu Qianren", "Ou Yangke", "Ma Yu", "Mei Chaofeng", "Hong Qigong", "Sha Tongtian", "Mu Nianci", "Hua Zheng", "Wang Chuyi", "Zhou Botong", "Quan Jinfa", "Han Xiaoying", "Peng Lianhu", "Nan Xiren", "Lu Guanying", "Yang Tiexin", "Hou Tonghai", "Han Baoju", "Yin Zhiping", "Tie Muzhen", "Lu Chengfeng", "Duan Tiande", "Wang Chongyang", "Liang Ziweng", "Sun Buer", "Chen Xuanfeng", "Pang Zi", "Li Ping", "Bao Xiruo", "Lu Youjiao", "Guo Xiaotian", "Dou Shi", "Cheng Yaojia", "Bo Erhu", "Zhang Asheng", "Yi Deng", "Tan Chuduan", "Liu Chuxuan", "Ling Zhishangren", "Jiao Mu", "Bo Ershu", "Ying Gu", "Wang Han", "Sang Kun", "Hao Datong", "Cha Hetai", "Zha Muhe", "Shu Chi", "Mu Huali", "Jian Zhanglao", "Wan Yanhongxi", "Qian Qingjian", "Ma Qingxiong", "Liang Zhanglao", "Li Sheng", "Ku Mu", "Wo Kuotai", "Chi Laowen", "Wu Qinglie", "Shen Qinggang", "Yu Zhaoxing", "Qiu Qianzhang", "Peng Zhanglao", "Yu Ren", "Shou Gai", "Pang Gai", "Zhe Leimi", "Qu Lingfeng", "Yu Qiaogengdu", "Tian Zhusengren", "Pang Furen", "Lv Wende", "Qiao Zhaizhu", "Tang Zude", "Yan Lie", "Qu Shagu", "Han Chazhou", "Zhang Shiwu", "Qu San", "Hu Douhu"]}, "cluster": {"names": ["Zhang Shiwu", "Yu Qiaogengdu", "Tian Zhusengren", "Qu Shagu", "Qu San", "Qu Lingfeng", "Pang Furen", "Lv Wende", "Ling Zhishangren", "Hu Douhu", "Han Chazhou", "Tan Chuduan", "Liu Chuxuan", "Yan Lie", "Hao Datong", "Yu Zhaoxing", "Wu Qinglie", "Shen Qinggang", "Shou Gai", "Pang Gai", "Qiu Qianzhang", "Peng Zhanglao", "Liang Ziweng", "Li Sheng", "Tang Zude", "Sun Buer", "Ma Qingxiong", "Zhang Asheng", "Liang Zhanglao", "Yu Ren", "Qian Qingjian", "Wan Yanhongxi", "Wo Kuotai", "Zha Muhe", "Wang Chongyang", "Ku Mu", "Mu Huali", "Chi Laowen", "Zhe Leimi", "Cha Hetai", "Chen Xuanfeng", "Peng Lianhu", "Sang Kun", "Shu Chi", "Pang Zi", "Wang Han", "Yin Zhiping", "Wang Chuyi", "Yi Deng", "Jiao Mu", "Hou Tonghai", "Cheng Yaojia", "Han Baoju", "Nan Xiren", "Jian Zhanglao", "Zhou Botong", "Dou Shi", "Han Xiaoying", "Duan Tiande", "Li Ping", "Ying Gu", "Lu Chengfeng", "Bo Ershu", "Quan Jinfa", "Sha Tongtian", "Mei Chaofeng", "Bao Xiruo", "Ma Yu", "Lu Guanying", "Ou Yangke", "Lu Youjiao", "Mu Nianci", "Yang Tiexin", "Guo Xiaotian", "Ou Yangfeng", "Huang Yaoshi", "Qiu Qianren", "Bo Erhu", "Tie Muzhen", "Hong Qigong", "Zhu Cong", "Qiu Chuji", "Ke Zhene", "Hua Zheng", "Tuo Lei", "Yang Kang", "Wan Yanhonglie", "Huang Rong", "Guo Jing", "Qiao Zhaizhu"], "pinyinnames": ["Zhang Shiwu", "Yu Qiaogengdu", "Tian Zhusengren", "Qu Shagu", "Qu San", "Qu Lingfeng", "Pang Furen", "Lv Wende", "Ling Zhishangren", "Hu Douhu", "Han Chazhou", "Tan Chuduan", "Liu Chuxuan", "Yan Lie", "Hao Datong", "Yu Zhaoxing", "Wu Qinglie", "Shen Qinggang", "Shou Gai", "Pang Gai", "Qiu Qianzhang", "Peng Zhanglao", "Liang Ziweng", "Li Sheng", "Tang Zude", "Sun Buer", "Ma Qingxiong", "Zhang Asheng", "Liang Zhanglao", "Yu Ren", "Qian Qingjian", "Wan Yanhongxi", "Wo Kuotai", "Zha Muhe", "Wang Chongyang", "Ku Mu", "Mu Huali", "Chi Laowen", "Zhe Leimi", "Cha Hetai", "Chen Xuanfeng", "Peng Lianhu", "Sang Kun", "Shu Chi", "Pang Zi", "Wang Han", "Yin Zhiping", "Wang Chuyi", "Yi Deng", "Jiao Mu", "Hou Tonghai", "Cheng Yaojia", "Han Baoju", "Nan Xiren", "Jian Zhanglao", "Zhou Botong", "Dou Shi", "Han Xiaoying", "Duan Tiande", "Li Ping", "Ying Gu", "Lu Chengfeng", "Bo Ershu", "Quan Jinfa", "Sha Tongtian", "Mei Chaofeng", "Bao Xiruo", "Ma Yu", "Lu Guanying", "Ou Yangke", "Lu Youjiao", "Mu Nianci", "Yang Tiexin", "Guo Xiaotian", "Ou Yangfeng", "Huang Yaoshi", "Qiu Qianren", "Bo Erhu", "Tie Muzhen", "Hong Qigong", "Zhu Cong", "Qiu Chuji", "Ke Zhene", "Hua Zheng", "Tuo Lei", "Yang Kang", "Wan Yanhonglie", "Huang Rong", "Guo Jing", "Qiao Zhaizhu"], "values": [1.0, 1.0, 1.0, 1.0, 1.0, 1.0, 1.0, 1.0, 1.0, 1.0, 1.0, 0.953, 0.953, 0.952, 0.912, 0.911, 0.909, 0.909, 0.905, 0.905, 0.889, 0.889, 0.883, 0.859, 0.857, 0.848, 0.846, 0.842, 0.833, 0.822, 0.813, 0.8, 0.782, 0.781, 0.773, 0.773, 0.771, 0.769, 0.762, 0.758, 0.753, 0.752, 0.75, 0.743, 0.736, 0.733, 0.727, 0.72, 0.713, 0.713, 0.713, 0.71, 0.709, 0.704, 0.692, 0.679, 0.658, 0.657, 0.656, 0.649, 0.643, 0.641, 0.632, 0.629, 0.626, 0.626, 0.62, 0.603, 0.6, 0.597, 0.595, 0.592, 0.577, 0.549, 0.548, 0.541, 0.535, 0.532, 0.529, 0.516, 0.512, 0.493, 0.483, 0.476, 0.441, 0.43, 0.425, 0.339, 0.27, 0]}, "average_cluster": {"value": 0.727, "name": "平均聚类系数"}, "path": {"names": ["1", "2", "3", "4"], "dis": [{"name": 1, "value": 2008}, {"name": 2, "value": 5456}, {"name": 3, "value": 540}, {"name": 4, "value": 6}], "dia": 4, "shortest": 1.82}, "edges": []}