{"nodes": [{"id": "0", "label": "杨铁心", "size": 11}, {"id": "1", "label": "郭啸", "size": 4}, {"id": "2", "label": "郭啸天", "size": 6}, {"id": "3", "label": "包惜弱", "size": 12}, {"id": "4", "label": "郭杨", "size": 5}, {"id": "5", "label": "长春子", "size": 2}, {"id": "6", "label": "丘处机", "size": 14}, {"id": "7", "label": "丘处", "size": 7}, {"id": "8", "label": "杨郭", "size": 2}, {"id": "9", "label": "道爷", "size": 2}, {"id": "10", "label": "王道乾", "size": 2}, {"id": "11", "label": "金星", "size": 2}, {"id": "12", "label": "郭大嫂", "size": 2}, {"id": "13", "label": "丘处机微", "size": 2}, {"id": "14", "label": "郭大哥", "size": 2}, {"id": "15", "label": "郭靖", "size": 12}, {"id": "16", "label": "杨康", "size": 4}, {"id": "17", "label": "李萍", "size": 7}, {"id": "18", "label": "韩侘胄", "size": 2}, {"id": "19", "label": "丘道长", "size": 3}, {"id": "20", "label": "韩丞相", "size": 2}, {"id": "21", "label": "马来", "size": 3}, {"id": "22", "label": "义兄弟", "size": 2}, {"id": "23", "label": "马冲", "size": 2}, {"id": "24", "label": "天德", "size": 2}, {"id": "25", "label": "段天德", "size": 10}, {"id": "26", "label": "李氏", "size": 4}, {"id": "27", "label": "包氏", "size": 3}, {"id": "28", "label": "铁哥", "size": 2}, {"id": "29", "label": "长索", "size": 2}, {"id": "30", "label": "包惜", "size": 2}, {"id": "31", "label": "杨爷", "size": 2}, {"id": "32", "label": "颜烈道", "size": 5}, {"id": "33", "label": "颜烈", "size": 8}, {"id": "34", "label": "昂然", "size": 2}, {"id": "35", "label": "颜相公", "size": 2}, {"id": "36", "label": "小二", "size": 2}, {"id": "37", "label": "盖运聪", "size": 3}, {"id": "38", "label": "姜文", "size": 2}, {"id": "39", "label": "赵扩", "size": 2}, {"id": "40", "label": "赵王", "size": 2}, {"id": "41", "label": "完颜洪烈", "size": 8}, {"id": "42", "label": "韩三爷", "size": 3}, {"id": "43", "label": "越王勾践", "size": 2}, {"id": "44", "label": "焦木人师", "size": 2}, {"id": "45", "label": "小僧", "size": 2}, {"id": "46", "label": "子丘", "size": 2}, {"id": "47", "label": "焦木", "size": 7}, {"id": "48", "label": "羽箭", "size": 2}, {"id": "49", "label": "朱聪", "size": 11}, {"id": "50", "label": "韩宝驹", "size": 8}, {"id": "51", "label": "笑弥陀", "size": 2}, {"id": "52", "label": "张阿生", "size": 7}, {"id": "53", "label": "韩小莹", "size": 9}, {"id": "54", "label": "柯镇恶道", "size": 4}, {"id": "55", "label": "柯镇", "size": 5}, {"id": "56", "label": "江南七怪", "size": 6}, {"id": "57", "label": "喀喇", "size": 2}, {"id": "58", "label": "左足", "size": 2}, {"id": "59", "label": "焦木道", "size": 2}, {"id": "60", "label": "柯镇恶", "size": 9}, {"id": "61", "label": "丘某", "size": 2}, {"id": "62", "label": "柯大侠", "size": 2}, {"id": "63", "label": "南希仁", "size": 5}, {"id": "64", "label": "黄马", "size": 2}, {"id": "65", "label": "江南六侠", "size": 2}, {"id": "66", "label": "六怪", "size": 3}, {"id": "67", "label": "朱二哥", "size": 2}, {"id": "68", "label": "朱二侠", "size": 2}, {"id": "69", "label": "七怪", "size": 4}, {"id": "70", "label": "枯木", "size": 3}, {"id": "71", "label": "焦木禅师", "size": 2}, {"id": "72", "label": "枯木禅师", "size": 2}, {"id": "73", "label": "吴越", "size": 2}, {"id": "74", "label": "勾践", "size": 2}, {"id": "75", "label": "屠牛", "size": 2}, {"id": "76", "label": "铁菱", "size": 3}, {"id": "77", "label": "韩氏", "size": 2}, {"id": "78", "label": "柯镇恶一", "size": 2}, {"id": "79", "label": "柯大哥", "size": 3}, {"id": "80", "label": "俟机", "size": 2}, {"id": "81", "label": "江南七", "size": 2}, {"id": "82", "label": "啸哥", "size": 2}, {"id": "83", "label": "小马", "size": 2}, {"id": "84", "label": "铁木真", "size": 10}, {"id": "85", "label": "铁木", "size": 9}, {"id": "86", "label": "木华黎", "size": 3}, {"id": "87", "label": "赤老温", "size": 3}, {"id": "88", "label": "勒米", "size": 2}, {"id": "89", "label": "者勒米", "size": 2}, {"id": "90", "label": "窝阔台", "size": 3}, {"id": "91", "label": "忽都虎", "size": 2}, {"id": "92", "label": "哲别", "size": 7}, {"id": "93", "label": "朮赤", "size": 3}, {"id": "94", "label": "拖雷", "size": 7}, {"id": "95", "label": "哲别道", "size": 3}, {"id": "96", "label": "博尔朮", "size": 4}, {"id": "97", "label": "博尔忽", "size": 3}, {"id": "98", "label": "博尔", "size": 2}, {"id": "99", "label": "王罕", "size": 6}, {"id": "100", "label": "完颜洪熙", "size": 6}, {"id": "101", "label": "洪烈", "size": 2}, {"id": "102", "label": "完颜", "size": 3}, {"id": "103", "label": "蔑尔乞", "size": 2}, {"id": "104", "label": "札木合", "size": 5}, {"id": "105", "label": "大金国", "size": 2}, {"id": "106", "label": "安答", "size": 2}, {"id": "107", "label": "桑昆", "size": 6}, {"id": "108", "label": "铁木真汗", "size": 2}, {"id": "109", "label": "四杰", "size": 2}, {"id": "110", "label": "桑昆道", "size": 2}, {"id": "111", "label": "江南六怪", "size": 2}, {"id": "112", "label": "陈玄风", "size": 4}, {"id": "113", "label": "梅超风", "size": 7}, {"id": "114", "label": "铁扇", "size": 2}, {"id": "115", "label": "毒菱", "size": 2}], "edges": [{"source": "0", "target": "1"}, {"source": "0", "target": "2"}, {"source": "0", "target": "5"}, {"source": "0", "target": "6"}, {"source": "0", "target": "7"}, {"source": "0", "target": "8"}, {"source": "0", "target": "4"}, {"source": "0", "target": "9"}, {"source": "0", "target": "10"}, {"source": "0", "target": "3"}, {"source": "0", "target": "11"}, {"source": "0", "target": "12"}, {"source": "0", "target": "13"}, {"source": "0", "target": "14"}, {"source": "0", "target": "15"}, {"source": "0", "target": "16"}, {"source": "0", "target": "20"}, {"source": "0", "target": "21"}, {"source": "0", "target": "17"}, {"source": "0", "target": "23"}, {"source": "0", "target": "24"}, {"source": "0", "target": "25"}, {"source": "0", "target": "26"}, {"source": "0", "target": "33"}, {"source": "0", "target": "55"}, {"source": "0", "target": "79"}, {"source": "0", "target": "27"}, {"source": "0", "target": "53"}, {"source": "0", "target": "56"}, {"source": "0", "target": "69"}, {"source": "0", "target": "49"}, {"source": "1", "target": "0"}, {"source": "1", "target": "7"}, {"source": "1", "target": "6"}, {"source": "1", "target": "4"}, {"source": "1", "target": "15"}, {"source": "1", "target": "12"}, {"source": "1", "target": "14"}, {"source": "1", "target": "13"}, {"source": "1", "target": "16"}, {"source": "1", "target": "2"}, {"source": "1", "target": "19"}, {"source": "1", "target": "3"}, {"source": "1", "target": "17"}, {"source": "1", "target": "25"}, {"source": "2", "target": "0"}, {"source": "2", "target": "5"}, {"source": "2", "target": "6"}, {"source": "2", "target": "4"}, {"source": "2", "target": "7"}, {"source": "2", "target": "10"}, {"source": "2", "target": "1"}, {"source": "2", "target": "3"}, {"source": "2", "target": "17"}, {"source": "2", "target": "25"}, {"source": "2", "target": "33"}, {"source": "2", "target": "35"}, {"source": "2", "target": "23"}, {"source": "2", "target": "24"}, {"source": "2", "target": "47"}, {"source": "2", "target": "56"}, {"source": "2", "target": "69"}, {"source": "2", "target": "53"}, {"source": "2", "target": "26"}, {"source": "2", "target": "79"}, {"source": "2", "target": "55"}, {"source": "2", "target": "27"}, {"source": "3", "target": "11"}, {"source": "3", "target": "0"}, {"source": "3", "target": "6"}, {"source": "3", "target": "2"}, {"source": "3", "target": "4"}, {"source": "3", "target": "1"}, {"source": "3", "target": "17"}, {"source": "3", "target": "23"}, {"source": "3", "target": "21"}, {"source": "3", "target": "28"}, {"source": "3", "target": "29"}, {"source": "3", "target": "30"}, {"source": "3", "target": "31"}, {"source": "3", "target": "32"}, {"source": "3", "target": "33"}, {"source": "3", "target": "34"}, {"source": "3", "target": "25"}, {"source": "3", "target": "35"}, {"source": "3", "target": "39"}, {"source": "3", "target": "40"}, {"source": "3", "target": "41"}, {"source": "3", "target": "18"}, {"source": "3", "target": "20"}, {"source": "3", "target": "10"}, {"source": "3", "target": "49"}, {"source": "3", "target": "27"}, {"source": "3", "target": "69"}, {"source": "3", "target": "47"}, {"source": "3", "target": "16"}, {"source": "3", "target": "8"}, {"source": "3", "target": "56"}, {"source": "4", "target": "6"}, {"source": "4", "target": "0"}, {"source": "4", "target": "2"}, {"source": "4", "target": "7"}, {"source": "4", "target": "1"}, {"source": "4", "target": "3"}, {"source": "4", "target": "18"}, {"source": "4", "target": "23"}, {"source": "4", "target": "21"}, {"source": "4", "target": "24"}, {"source": "4", "target": "25"}, {"source": "4", "target": "56"}, {"source": "5", "target": "2"}, {"source": "5", "target": "0"}, {"source": "5", "target": "6"}, {"source": "5", "target": "47"}, {"source": "5", "target": "19"}, {"source": "5", "target": "49"}, {"source": "6", "target": "5"}, {"source": "6", "target": "2"}, {"source": "6", "target": "0"}, {"source": "6", "target": "8"}, {"source": "6", "target": "4"}, {"source": "6", "target": "1"}, {"source": "6", "target": "3"}, {"source": "6", "target": "33"}, {"source": "6", "target": "10"}, {"source": "6", "target": "41"}, {"source": "6", "target": "47"}, {"source": "6", "target": "57"}, {"source": "6", "target": "51"}, {"source": "6", "target": "52"}, {"source": "6", "target": "58"}, {"source": "6", "target": "56"}, {"source": "6", "target": "59"}, {"source": "6", "target": "49"}, {"source": "6", "target": "60"}, {"source": "6", "target": "62"}, {"source": "6", "target": "7"}, {"source": "6", "target": "63"}, {"source": "6", "target": "50"}, {"source": "6", "target": "67"}, {"source": "6", "target": "65"}, {"source": "6", "target": "68"}, {"source": "6", "target": "19"}, {"source": "6", "target": "55"}, {"source": "6", "target": "54"}, {"source": "6", "target": "27"}, {"source": "6", "target": "69"}, {"source": "6", "target": "23"}, {"source": "6", "target": "25"}, {"source": "6", "target": "9"}, {"source": "6", "target": "17"}, {"source": "6", "target": "53"}, {"source": "6", "target": "75"}, {"source": "6", "target": "76"}, {"source": "6", "target": "11"}, {"source": "6", "target": "79"}, {"source": "6", "target": "22"}, {"source": "6", "target": "71"}, {"source": "6", "target": "24"}, {"source": "6", "target": "26"}, {"source": "6", "target": "42"}, {"source": "6", "target": "40"}, {"source": "6", "target": "99"}, {"source": "6", "target": "84"}, {"source": "6", "target": "101"}, {"source": "6", "target": "100"}, {"source": "6", "target": "16"}, {"source": "7", "target": "1"}, {"source": "7", "target": "0"}, {"source": "7", "target": "4"}, {"source": "7", "target": "2"}, {"source": "7", "target": "15"}, {"source": "7", "target": "16"}, {"source": "7", "target": "47"}, {"source": "7", "target": "55"}, {"source": "7", "target": "33"}, {"source": "7", "target": "54"}, {"source": "7", "target": "42"}, {"source": "7", "target": "50"}, {"source": "7", "target": "61"}, {"source": "7", "target": "52"}, {"source": "7", "target": "62"}, {"source": "7", "target": "6"}, {"source": "7", "target": "60"}, {"source": "7", "target": "65"}, {"source": "7", "target": "19"}, {"source": "7", "target": "56"}, {"source": "7", "target": "53"}, {"source": "7", "target": "49"}, {"source": "7", "target": "67"}, {"source": "7", "target": "70"}, {"source": "7", "target": "79"}, {"source": "7", "target": "25"}, {"source": "7", "target": "26"}, {"source": "7", "target": "24"}, {"source": "7", "target": "27"}, {"source": "7", "target": "81"}, {"source": "8", "target": "6"}, {"source": "8", "target": "0"}, {"source": "8", "target": "56"}, {"source": "8", "target": "41"}, {"source": "8", "target": "47"}, {"source": "8", "target": "16"}, {"source": "8", "target": "3"}, {"source": "8", "target": "17"}, {"source": "9", "target": "0"}, {"source": "9", "target": "25"}, {"source": "9", "target": "6"}, {"source": "10", "target": "2"}, {"source": "10", "target": "0"}, {"source": "10", "target": "41"}, {"source": "10", "target": "6"}, {"source": "10", "target": "3"}, {"source": "11", "target": "3"}, {"source": "11", "target": "0"}, {"source": "11", "target": "6"}, {"source": "11", "target": "63"}, {"source": "12", "target": "0"}, {"source": "12", "target": "13"}, {"source": "12", "target": "14"}, {"source": "12", "target": "15"}, {"source": "12", "target": "16"}, {"source": "12", "target": "1"}, {"source": "13", "target": "12"}, {"source": "13", "target": "0"}, {"source": "13", "target": "14"}, {"source": "13", "target": "15"}, {"source": "13", "target": "16"}, {"source": "13", "target": "1"}, {"source": "13", "target": "56"}, {"source": "14", "target": "12"}, {"source": "14", "target": "13"}, {"source": "14", "target": "0"}, {"source": "14", "target": "15"}, {"source": "14", "target": "16"}, {"source": "14", "target": "1"}, {"source": "14", "target": "82"}, {"source": "15", "target": "12"}, {"source": "15", "target": "14"}, {"source": "15", "target": "13"}, {"source": "15", "target": "0"}, {"source": "15", "target": "16"}, {"source": "15", "target": "1"}, {"source": "15", "target": "7"}, {"source": "15", "target": "17"}, {"source": "15", "target": "83"}, {"source": "15", "target": "84"}, {"source": "15", "target": "92"}, {"source": "15", "target": "85"}, {"source": "15", "target": "93"}, {"source": "15", "target": "90"}, {"source": "15", "target": "94"}, {"source": "15", "target": "95"}, {"source": "15", "target": "96"}, {"source": "15", "target": "100"}, {"source": "15", "target": "41"}, {"source": "15", "target": "104"}, {"source": "15", "target": "97"}, {"source": "15", "target": "49"}, {"source": "15", "target": "50"}, {"source": "15", "target": "53"}, {"source": "15", "target": "56"}, {"source": "15", "target": "60"}, {"source": "15", "target": "21"}, {"source": "15", "target": "54"}, {"source": "15", "target": "82"}, {"source": "15", "target": "25"}, {"source": "15", "target": "52"}, {"source": "15", "target": "63"}, {"source": "15", "target": "55"}, {"source": "15", "target": "19"}, {"source": "15", "target": "69"}, {"source": "15", "target": "112"}, {"source": "15", "target": "58"}, {"source": "16", "target": "15"}, {"source": "16", "target": "12"}, {"source": "16", "target": "14"}, {"source": "16", "target": "13"}, {"source": "16", "target": "0"}, {"source": "16", "target": "1"}, {"source": "16", "target": "7"}, {"source": "16", "target": "54"}, {"source": "16", "target": "6"}, {"source": "16", "target": "3"}, {"source": "16", "target": "8"}, {"source": "16", "target": "17"}, {"source": "16", "target": "56"}, {"source": "16", "target": "49"}, {"source": "17", "target": "2"}, {"source": "17", "target": "3"}, {"source": "17", "target": "1"}, {"source": "17", "target": "0"}, {"source": "17", "target": "25"}, {"source": "17", "target": "6"}, {"source": "17", "target": "47"}, {"source": "17", "target": "80"}, {"source": "17", "target": "50"}, {"source": "17", "target": "15"}, {"source": "17", "target": "92"}, {"source": "17", "target": "84"}, {"source": "17", "target": "94"}, {"source": "17", "target": "85"}, {"source": "17", "target": "104"}, {"source": "17", "target": "56"}, {"source": "17", "target": "69"}, {"source": "17", "target": "27"}, {"source": "17", "target": "16"}, {"source": "17", "target": "8"}, {"source": "18", "target": "4"}, {"source": "18", "target": "3"}, {"source": "18", "target": "41"}, {"source": "18", "target": "20"}, {"source": "18", "target": "30"}, {"source": "19", "target": "1"}, {"source": "19", "target": "5"}, {"source": "19", "target": "47"}, {"source": "19", "target": "54"}, {"source": "19", "target": "7"}, {"source": "19", "target": "50"}, {"source": "19", "target": "60"}, {"source": "19", "target": "6"}, {"source": "19", "target": "53"}, {"source": "19", "target": "15"}, {"source": "19", "target": "94"}, {"source": "19", "target": "49"}, {"source": "19", "target": "69"}, {"source": "20", "target": "0"}, {"source": "20", "target": "3"}, {"source": "20", "target": "41"}, {"source": "20", "target": "18"}, {"source": "20", "target": "30"}, {"source": "21", "target": "0"}, {"source": "21", "target": "23"}, {"source": "21", "target": "4"}, {"source": "21", "target": "3"}, {"source": "21", "target": "29"}, {"source": "21", "target": "85"}, {"source": "21", "target": "96"}, {"source": "21", "target": "84"}, {"source": "21", "target": "92"}, {"source": "21", "target": "15"}, {"source": "21", "target": "60"}, {"source": "21", "target": "53"}, {"source": "21", "target": "54"}, {"source": "21", "target": "49"}, {"source": "21", "target": "94"}, {"source": "22", "target": "50"}, {"source": "22", "target": "47"}, {"source": "22", "target": "6"}, {"source": "23", "target": "4"}, {"source": "23", "target": "3"}, {"source": "23", "target": "21"}, {"source": "23", "target": "0"}, {"source": "23", "target": "2"}, {"source": "23", "target": "6"}, {"source": "23", "target": "84"}, {"source": "23", "target": "100"}, {"source": "24", "target": "0"}, {"source": "24", "target": "25"}, {"source": "24", "target": "2"}, {"source": "24", "target": "4"}, {"source": "24", "target": "6"}, {"source": "24", "target": "26"}, {"source": "24", "target": "79"}, {"source": "24", "target": "55"}, {"source": "24", "target": "7"}, {"source": "24", "target": "27"}, {"source": "24", "target": "53"}, {"source": "25", "target": "24"}, {"source": "25", "target": "0"}, {"source": "25", "target": "2"}, {"source": "25", "target": "3"}, {"source": "25", "target": "32"}, {"source": "25", "target": "35"}, {"source": "25", "target": "33"}, {"source": "25", "target": "28"}, {"source": "25", "target": "1"}, {"source": "25", "target": "17"}, {"source": "25", "target": "6"}, {"source": "25", "target": "9"}, {"source": "25", "target": "4"}, {"source": "25", "target": "70"}, {"source": "25", "target": "71"}, {"source": "25", "target": "47"}, {"source": "25", "target": "54"}, {"source": "25", "target": "56"}, {"source": "25", "target": "69"}, {"source": "25", "target": "59"}, {"source": "25", "target": "80"}, {"source": "25", "target": "53"}, {"source": "25", "target": "50"}, {"source": "25", "target": "60"}, {"source": "25", "target": "7"}, {"source": "25", "target": "26"}, {"source": "25", "target": "49"}, {"source": "25", "target": "77"}, {"source": "25", "target": "27"}, {"source": "25", "target": "15"}, {"source": "25", "target": "52"}, {"source": "25", "target": "63"}, {"source": "25", "target": "94"}, {"source": "25", "target": "55"}, {"source": "26", "target": "0"}, {"source": "26", "target": "6"}, {"source": "26", "target": "24"}, {"source": "26", "target": "2"}, {"source": "26", "target": "79"}, {"source": "26", "target": "55"}, {"source": "26", "target": "7"}, {"source": "26", "target": "27"}, {"source": "26", "target": "53"}, {"source": "26", "target": "25"}, {"source": "26", "target": "50"}, {"source": "26", "target": "49"}, {"source": "27", "target": "32"}, {"source": "27", "target": "41"}, {"source": "27", "target": "6"}, {"source": "27", "target": "69"}, {"source": "27", "target": "3"}, {"source": "27", "target": "26"}, {"source": "27", "target": "24"}, {"source": "27", "target": "2"}, {"source": "27", "target": "7"}, {"source": "27", "target": "55"}, {"source": "27", "target": "0"}, {"source": "27", "target": "79"}, {"source": "27", "target": "53"}, {"source": "27", "target": "56"}, {"source": "27", "target": "17"}, {"source": "27", "target": "25"}, {"source": "28", "target": "3"}, {"source": "28", "target": "25"}, {"source": "28", "target": "35"}, {"source": "28", "target": "33"}, {"source": "29", "target": "3"}, {"source": "29", "target": "21"}, {"source": "30", "target": "3"}, {"source": "30", "target": "20"}, {"source": "30", "target": "41"}, {"source": "30", "target": "18"}, {"source": "31", "target": "3"}, {"source": "32", "target": "3"}, {"source": "32", "target": "25"}, {"source": "32", "target": "33"}, {"source": "32", "target": "27"}, {"source": "32", "target": "37"}, {"source": "32", "target": "39"}, {"source": "33", "target": "3"}, {"source": "33", "target": "34"}, {"source": "33", "target": "35"}, {"source": "33", "target": "25"}, {"source": "33", "target": "28"}, {"source": "33", "target": "6"}, {"source": "33", "target": "2"}, {"source": "33", "target": "0"}, {"source": "33", "target": "32"}, {"source": "33", "target": "36"}, {"source": "33", "target": "37"}, {"source": "33", "target": "38"}, {"source": "33", "target": "39"}, {"source": "33", "target": "40"}, {"source": "33", "target": "7"}, {"source": "33", "target": "54"}, {"source": "34", "target": "3"}, {"source": "34", "target": "33"}, {"source": "34", "target": "94"}, {"source": "34", "target": "99"}, {"source": "34", "target": "107"}, {"source": "34", "target": "85"}, {"source": "35", "target": "3"}, {"source": "35", "target": "33"}, {"source": "35", "target": "25"}, {"source": "35", "target": "28"}, {"source": "35", "target": "2"}, {"source": "36", "target": "33"}, {"source": "37", "target": "33"}, {"source": "37", "target": "38"}, {"source": "37", "target": "32"}, {"source": "38", "target": "33"}, {"source": "38", "target": "37"}, {"source": "39", "target": "33"}, {"source": "39", "target": "3"}, {"source": "39", "target": "32"}, {"source": "40", "target": "3"}, {"source": "40", "target": "33"}, {"source": "40", "target": "99"}, {"source": "40", "target": "84"}, {"source": "40", "target": "100"}, {"source": "40", "target": "41"}, {"source": "40", "target": "101"}, {"source": "40", "target": "6"}, {"source": "41", "target": "3"}, {"source": "41", "target": "18"}, {"source": "41", "target": "20"}, {"source": "41", "target": "30"}, {"source": "41", "target": "46"}, {"source": "41", "target": "10"}, {"source": "41", "target": "6"}, {"source": "41", "target": "47"}, {"source": "41", "target": "48"}, {"source": "41", "target": "49"}, {"source": "41", "target": "50"}, {"source": "41", "target": "51"}, {"source": "41", "target": "52"}, {"source": "41", "target": "56"}, {"source": "41", "target": "8"}, {"source": "41", "target": "60"}, {"source": "41", "target": "63"}, {"source": "41", "target": "66"}, {"source": "41", "target": "54"}, {"source": "41", "target": "27"}, {"source": "41", "target": "69"}, {"source": "41", "target": "40"}, {"source": "41", "target": "99"}, {"source": "41", "target": "84"}, {"source": "41", "target": "100"}, {"source": "41", "target": "101"}, {"source": "41", "target": "15"}, {"source": "41", "target": "93"}, {"source": "41", "target": "85"}, {"source": "41", "target": "105"}, {"source": "41", "target": "104"}, {"source": "41", "target": "107"}, {"source": "41", "target": "102"}, {"source": "42", "target": "7"}, {"source": "42", "target": "50"}, {"source": "42", "target": "47"}, {"source": "42", "target": "61"}, {"source": "42", "target": "6"}, {"source": "43", "target": "73"}, {"source": "43", "target": "74"}, {"source": "46", "target": "41"}, {"source": "46", "target": "60"}, {"source": "47", "target": "41"}, {"source": "47", "target": "48"}, {"source": "47", "target": "5"}, {"source": "47", "target": "19"}, {"source": "47", "target": "6"}, {"source": "47", "target": "54"}, {"source": "47", "target": "7"}, {"source": "47", "target": "55"}, {"source": "47", "target": "56"}, {"source": "47", "target": "8"}, {"source": "47", "target": "49"}, {"source": "47", "target": "42"}, {"source": "47", "target": "50"}, {"source": "47", "target": "61"}, {"source": "47", "target": "62"}, {"source": "47", "target": "60"}, {"source": "47", "target": "70"}, {"source": "47", "target": "71"}, {"source": "47", "target": "25"}, {"source": "47", "target": "17"}, {"source": "47", "target": "3"}, {"source": "47", "target": "72"}, {"source": "47", "target": "53"}, {"source": "47", "target": "52"}, {"source": "47", "target": "63"}, {"source": "47", "target": "79"}, {"source": "47", "target": "59"}, {"source": "47", "target": "22"}, {"source": "47", "target": "69"}, {"source": "47", "target": "2"}, {"source": "47", "target": "68"}, {"source": "48", "target": "41"}, {"source": "48", "target": "47"}, {"source": "48", "target": "92"}, {"source": "48", "target": "98"}, {"source": "49", "target": "41"}, {"source": "49", "target": "50"}, {"source": "49", "target": "51"}, {"source": "49", "target": "52"}, {"source": "49", "target": "47"}, {"source": "49", "target": "6"}, {"source": "49", "target": "63"}, {"source": "49", "target": "64"}, {"source": "49", "target": "58"}, {"source": "49", "target": "7"}, {"source": "49", "target": "67"}, {"source": "49", "target": "60"}, {"source": "49", "target": "56"}, {"source": "49", "target": "3"}, {"source": "49", "target": "53"}, {"source": "49", "target": "77"}, {"source": "49", "target": "78"}, {"source": "49", "target": "5"}, {"source": "49", "target": "71"}, {"source": "49", "target": "69"}, {"source": "49", "target": "26"}, {"source": "49", "target": "25"}, {"source": "49", "target": "15"}, {"source": "49", "target": "16"}, {"source": "49", "target": "0"}, {"source": "49", "target": "94"}, {"source": "49", "target": "55"}, {"source": "49", "target": "19"}, {"source": "49", "target": "54"}, {"source": "49", "target": "66"}, {"source": "49", "target": "21"}, {"source": "49", "target": "111"}, {"source": "49", "target": "112"}, {"source": "49", "target": "113"}, {"source": "49", "target": "114"}, {"source": "49", "target": "115"}, {"source": "49", "target": "76"}, {"source": "50", "target": "41"}, {"source": "50", "target": "49"}, {"source": "50", "target": "51"}, {"source": "50", "target": "52"}, {"source": "50", "target": "7"}, {"source": "50", "target": "42"}, {"source": "50", "target": "47"}, {"source": "50", "target": "61"}, {"source": "50", "target": "58"}, {"source": "50", "target": "64"}, {"source": "50", "target": "54"}, {"source": "50", "target": "19"}, {"source": "50", "target": "60"}, {"source": "50", "target": "63"}, {"source": "50", "target": "6"}, {"source": "50", "target": "67"}, {"source": "50", "target": "56"}, {"source": "50", "target": "53"}, {"source": "50", "target": "22"}, {"source": "50", "target": "25"}, {"source": "50", "target": "69"}, {"source": "50", "target": "68"}, {"source": "50", "target": "81"}, {"source": "50", "target": "26"}, {"source": "50", "target": "17"}, {"source": "50", "target": "94"}, {"source": "50", "target": "15"}, {"source": "50", "target": "55"}, {"source": "50", "target": "113"}, {"source": "50", "target": "114"}, {"source": "50", "target": "75"}, {"source": "51", "target": "50"}, {"source": "51", "target": "41"}, {"source": "51", "target": "49"}, {"source": "51", "target": "52"}, {"source": "51", "target": "57"}, {"source": "51", "target": "58"}, {"source": "51", "target": "6"}, {"source": "51", "target": "75"}, {"source": "51", "target": "63"}, {"source": "52", "target": "50"}, {"source": "52", "target": "41"}, {"source": "52", "target": "49"}, {"source": "52", "target": "51"}, {"source": "52", "target": "57"}, {"source": "52", "target": "58"}, {"source": "52", "target": "6"}, {"source": "52", "target": "7"}, {"source": "52", "target": "60"}, {"source": "52", "target": "53"}, {"source": "52", "target": "75"}, {"source": "52", "target": "63"}, {"source": "52", "target": "47"}, {"source": "52", "target": "55"}, {"source": "52", "target": "56"}, {"source": "52", "target": "15"}, {"source": "52", "target": "25"}, {"source": "52", "target": "94"}, {"source": "52", "target": "54"}, {"source": "52", "target": "66"}, {"source": "52", "target": "111"}, {"source": "52", "target": "113"}, {"source": "52", "target": "112"}, {"source": "53", "target": "52"}, {"source": "53", "target": "7"}, {"source": "53", "target": "49"}, {"source": "53", "target": "50"}, {"source": "53", "target": "47"}, {"source": "53", "target": "56"}, {"source": "53", "target": "6"}, {"source": "53", "target": "60"}, {"source": "53", "target": "25"}, {"source": "53", "target": "71"}, {"source": "53", "target": "19"}, {"source": "53", "target": "69"}, {"source": "53", "target": "2"}, {"source": "53", "target": "67"}, {"source": "53", "target": "26"}, {"source": "53", "target": "24"}, {"source": "53", "target": "27"}, {"source": "53", "target": "55"}, {"source": "53", "target": "0"}, {"source": "53", "target": "79"}, {"source": "53", "target": "94"}, {"source": "53", "target": "15"}, {"source": "53", "target": "21"}, {"source": "53", "target": "54"}, {"source": "53", "target": "63"}, {"source": "53", "target": "66"}, {"source": "53", "target": "111"}, {"source": "53", "target": "112"}, {"source": "53", "target": "113"}, {"source": "53", "target": "75"}, {"source": "53", "target": "114"}, {"source": "53", "target": "58"}, {"source": "54", "target": "47"}, {"source": "54", "target": "7"}, {"source": "54", "target": "33"}, {"source": "54", "target": "19"}, {"source": "54", "target": "50"}, {"source": "54", "target": "6"}, {"source": "54", "target": "41"}, {"source": "54", "target": "60"}, {"source": "54", "target": "56"}, {"source": "54", "target": "25"}, {"source": "54", "target": "79"}, {"source": "54", "target": "16"}, {"source": "54", "target": "15"}, {"source": "54", "target": "21"}, {"source": "54", "target": "53"}, {"source": "54", "target": "63"}, {"source": "54", "target": "49"}, {"source": "54", "target": "66"}, {"source": "54", "target": "52"}, {"source": "55", "target": "7"}, {"source": "55", "target": "47"}, {"source": "55", "target": "62"}, {"source": "55", "target": "6"}, {"source": "55", "target": "52"}, {"source": "55", "target": "79"}, {"source": "55", "target": "60"}, {"source": "55", "target": "77"}, {"source": "55", "target": "26"}, {"source": "55", "target": "24"}, {"source": "55", "target": "2"}, {"source": "55", "target": "0"}, {"source": "55", "target": "27"}, {"source": "55", "target": "53"}, {"source": "55", "target": "78"}, {"source": "55", "target": "49"}, {"source": "55", "target": "15"}, {"source": "55", "target": "50"}, {"source": "55", "target": "25"}, {"source": "55", "target": "111"}, {"source": "55", "target": "56"}, {"source": "55", "target": "113"}, {"source": "56", "target": "47"}, {"source": "56", "target": "41"}, {"source": "56", "target": "8"}, {"source": "56", "target": "6"}, {"source": "56", "target": "59"}, {"source": "56", "target": "60"}, {"source": "56", "target": "13"}, {"source": "56", "target": "7"}, {"source": "56", "target": "49"}, {"source": "56", "target": "50"}, {"source": "56", "target": "54"}, {"source": "56", "target": "72"}, {"source": "56", "target": "53"}, {"source": "56", "target": "25"}, {"source": "56", "target": "69"}, {"source": "56", "target": "2"}, {"source": "56", "target": "52"}, {"source": "56", "target": "4"}, {"source": "56", "target": "81"}, {"source": "56", "target": "17"}, {"source": "56", "target": "0"}, {"source": "56", "target": "27"}, {"source": "56", "target": "3"}, {"source": "56", "target": "16"}, {"source": "56", "target": "15"}, {"source": "56", "target": "94"}, {"source": "56", "target": "63"}, {"source": "56", "target": "55"}, {"source": "57", "target": "51"}, {"source": "57", "target": "52"}, {"source": "57", "target": "58"}, {"source": "57", "target": "6"}, {"source": "57", "target": "92"}, {"source": "58", "target": "57"}, {"source": "58", "target": "51"}, {"source": "58", "target": "52"}, {"source": "58", "target": "6"}, {"source": "58", "target": "50"}, {"source": "58", "target": "64"}, {"source": "58", "target": "49"}, {"source": "58", "target": "53"}, {"source": "58", "target": "112"}, {"source": "58", "target": "15"}, {"source": "59", "target": "6"}, {"source": "59", "target": "56"}, {"source": "59", "target": "25"}, {"source": "59", "target": "47"}, {"source": "60", "target": "6"}, {"source": "60", "target": "41"}, {"source": "60", "target": "56"}, {"source": "60", "target": "62"}, {"source": "60", "target": "7"}, {"source": "60", "target": "52"}, {"source": "60", "target": "50"}, {"source": "60", "target": "49"}, {"source": "60", "target": "19"}, {"source": "60", "target": "54"}, {"source": "60", "target": "47"}, {"source": "60", "target": "76"}, {"source": "60", "target": "63"}, {"source": "60", "target": "77"}, {"source": "60", "target": "53"}, {"source": "60", "target": "78"}, {"source": "60", "target": "25"}, {"source": "60", "target": "79"}, {"source": "60", "target": "55"}, {"source": "60", "target": "15"}, {"source": "60", "target": "21"}, {"source": "60", "target": "94"}, {"source": "60", "target": "46"}, {"source": "60", "target": "113"}, {"source": "60", "target": "115"}, {"source": "60", "target": "69"}, {"source": "60", "target": "66"}, {"source": "61", "target": "7"}, {"source": "61", "target": "42"}, {"source": "61", "target": "50"}, {"source": "61", "target": "47"}, {"source": "62", "target": "6"}, {"source": "62", "target": "60"}, {"source": "62", "target": "7"}, {"source": "62", "target": "55"}, {"source": "62", "target": "47"}, {"source": "63", "target": "6"}, {"source": "63", "target": "49"}, {"source": "63", "target": "41"}, {"source": "63", "target": "50"}, {"source": "63", "target": "51"}, {"source": "63", "target": "52"}, {"source": "63", "target": "75"}, {"source": "63", "target": "77"}, {"source": "63", "target": "60"}, {"source": "63", "target": "47"}, {"source": "63", "target": "11"}, {"source": "63", "target": "15"}, {"source": "63", "target": "25"}, {"source": "63", "target": "53"}, {"source": "63", "target": "94"}, {"source": "63", "target": "56"}, {"source": "63", "target": "54"}, {"source": "63", "target": "66"}, {"source": "63", "target": "113"}, {"source": "64", "target": "50"}, {"source": "64", "target": "58"}, {"source": "64", "target": "49"}, {"source": "65", "target": "7"}, {"source": "65", "target": "6"}, {"source": "65", "target": "67"}, {"source": "66", "target": "41"}, {"source": "66", "target": "54"}, {"source": "66", "target": "63"}, {"source": "66", "target": "49"}, {"source": "66", "target": "53"}, {"source": "66", "target": "52"}, {"source": "66", "target": "113"}, {"source": "66", "target": "60"}, {"source": "67", "target": "6"}, {"source": "67", "target": "7"}, {"source": "67", "target": "50"}, {"source": "67", "target": "49"}, {"source": "67", "target": "65"}, {"source": "67", "target": "53"}, {"source": "68", "target": "6"}, {"source": "68", "target": "50"}, {"source": "68", "target": "69"}, {"source": "68", "target": "47"}, {"source": "69", "target": "6"}, {"source": "69", "target": "27"}, {"source": "69", "target": "41"}, {"source": "69", "target": "3"}, {"source": "69", "target": "25"}, {"source": "69", "target": "56"}, {"source": "69", "target": "53"}, {"source": "69", "target": "47"}, {"source": "69", "target": "2"}, {"source": "69", "target": "50"}, {"source": "69", "target": "68"}, {"source": "69", "target": "49"}, {"source": "69", "target": "17"}, {"source": "69", "target": "0"}, {"source": "69", "target": "15"}, {"source": "69", "target": "94"}, {"source": "69", "target": "19"}, {"source": "69", "target": "113"}, {"source": "69", "target": "60"}, {"source": "70", "target": "25"}, {"source": "70", "target": "7"}, {"source": "70", "target": "71"}, {"source": "70", "target": "47"}, {"source": "71", "target": "70"}, {"source": "71", "target": "25"}, {"source": "71", "target": "47"}, {"source": "71", "target": "72"}, {"source": "71", "target": "6"}, {"source": "71", "target": "49"}, {"source": "71", "target": "53"}, {"source": "72", "target": "56"}, {"source": "72", "target": "47"}, {"source": "72", "target": "71"}, {"source": "73", "target": "43"}, {"source": "73", "target": "74"}, {"source": "74", "target": "43"}, {"source": "74", "target": "73"}, {"source": "75", "target": "51"}, {"source": "75", "target": "52"}, {"source": "75", "target": "63"}, {"source": "75", "target": "6"}, {"source": "75", "target": "113"}, {"source": "75", "target": "50"}, {"source": "75", "target": "114"}, {"source": "75", "target": "53"}, {"source": "76", "target": "60"}, {"source": "76", "target": "6"}, {"source": "76", "target": "113"}, {"source": "76", "target": "49"}, {"source": "76", "target": "115"}, {"source": "77", "target": "49"}, {"source": "77", "target": "63"}, {"source": "77", "target": "60"}, {"source": "77", "target": "55"}, {"source": "77", "target": "25"}, {"source": "78", "target": "49"}, {"source": "78", "target": "60"}, {"source": "78", "target": "55"}, {"source": "79", "target": "55"}, {"source": "79", "target": "47"}, {"source": "79", "target": "6"}, {"source": "79", "target": "54"}, {"source": "79", "target": "60"}, {"source": "79", "target": "7"}, {"source": "79", "target": "26"}, {"source": "79", "target": "24"}, {"source": "79", "target": "2"}, {"source": "79", "target": "0"}, {"source": "79", "target": "27"}, {"source": "79", "target": "53"}, {"source": "80", "target": "17"}, {"source": "80", "target": "25"}, {"source": "81", "target": "7"}, {"source": "81", "target": "50"}, {"source": "81", "target": "56"}, {"source": "82", "target": "14"}, {"source": "82", "target": "15"}, {"source": "83", "target": "15"}, {"source": "84", "target": "23"}, {"source": "84", "target": "15"}, {"source": "84", "target": "85"}, {"source": "84", "target": "88"}, {"source": "84", "target": "90"}, {"source": "84", "target": "92"}, {"source": "84", "target": "93"}, {"source": "84", "target": "94"}, {"source": "84", "target": "95"}, {"source": "84", "target": "96"}, {"source": "84", "target": "21"}, {"source": "84", "target": "17"}, {"source": "84", "target": "99"}, {"source": "84", "target": "100"}, {"source": "84", "target": "40"}, {"source": "84", "target": "41"}, {"source": "84", "target": "101"}, {"source": "84", "target": "6"}, {"source": "84", "target": "102"}, {"source": "84", "target": "103"}, {"source": "84", "target": "104"}, {"source": "84", "target": "105"}, {"source": "84", "target": "106"}, {"source": "84", "target": "89"}, {"source": "84", "target": "107"}, {"source": "84", "target": "108"}, {"source": "84", "target": "86"}, {"source": "84", "target": "97"}, {"source": "84", "target": "109"}, {"source": "84", "target": "110"}, {"source": "85", "target": "84"}, {"source": "85", "target": "88"}, {"source": "85", "target": "89"}, {"source": "85", "target": "91"}, {"source": "85", "target": "15"}, {"source": "85", "target": "93"}, {"source": "85", "target": "92"}, {"source": "85", "target": "90"}, {"source": "85", "target": "87"}, {"source": "85", "target": "96"}, {"source": "85", "target": "21"}, {"source": "85", "target": "100"}, {"source": "85", "target": "99"}, {"source": "85", "target": "103"}, {"source": "85", "target": "104"}, {"source": "85", "target": "105"}, {"source": "85", "target": "41"}, {"source": "85", "target": "106"}, {"source": "85", "target": "101"}, {"source": "85", "target": "94"}, {"source": "85", "target": "97"}, {"source": "85", "target": "17"}, {"source": "85", "target": "102"}, {"source": "85", "target": "107"}, {"source": "85", "target": "86"}, {"source": "85", "target": "109"}, {"source": "85", "target": "34"}, {"source": "86", "target": "87"}, {"source": "86", "target": "97"}, {"source": "86", "target": "85"}, {"source": "86", "target": "94"}, {"source": "86", "target": "84"}, {"source": "86", "target": "110"}, {"source": "86", "target": "109"}, {"source": "86", "target": "107"}, {"source": "86", "target": "100"}, {"source": "87", "target": "85"}, {"source": "87", "target": "86"}, {"source": "87", "target": "97"}, {"source": "88", "target": "84"}, {"source": "88", "target": "85"}, {"source": "89", "target": "85"}, {"source": "89", "target": "84"}, {"source": "90", "target": "84"}, {"source": "90", "target": "85"}, {"source": "90", "target": "92"}, {"source": "90", "target": "15"}, {"source": "90", "target": "93"}, {"source": "90", "target": "94"}, {"source": "91", "target": "85"}, {"source": "92", "target": "15"}, {"source": "92", "target": "84"}, {"source": "92", "target": "85"}, {"source": "92", "target": "90"}, {"source": "92", "target": "93"}, {"source": "92", "target": "94"}, {"source": "92", "target": "96"}, {"source": "92", "target": "48"}, {"source": "92", "target": "98"}, {"source": "92", "target": "57"}, {"source": "92", "target": "95"}, {"source": "92", "target": "21"}, {"source": "92", "target": "17"}, {"source": "92", "target": "107"}, {"source": "92", "target": "99"}, {"source": "92", "target": "108"}, {"source": "93", "target": "85"}, {"source": "93", "target": "15"}, {"source": "93", "target": "92"}, {"source": "93", "target": "84"}, {"source": "93", "target": "90"}, {"source": "93", "target": "94"}, {"source": "93", "target": "100"}, {"source": "93", "target": "41"}, {"source": "94", "target": "15"}, {"source": "94", "target": "93"}, {"source": "94", "target": "90"}, {"source": "94", "target": "84"}, {"source": "94", "target": "92"}, {"source": "94", "target": "85"}, {"source": "94", "target": "97"}, {"source": "94", "target": "17"}, {"source": "94", "target": "104"}, {"source": "94", "target": "86"}, {"source": "94", "target": "34"}, {"source": "94", "target": "99"}, {"source": "94", "target": "107"}, {"source": "94", "target": "53"}, {"source": "94", "target": "50"}, {"source": "94", "target": "49"}, {"source": "94", "target": "60"}, {"source": "94", "target": "52"}, {"source": "94", "target": "63"}, {"source": "94", "target": "25"}, {"source": "94", "target": "56"}, {"source": "94", "target": "19"}, {"source": "94", "target": "69"}, {"source": "94", "target": "21"}, {"source": "95", "target": "84"}, {"source": "95", "target": "96"}, {"source": "95", "target": "92"}, {"source": "95", "target": "15"}, {"source": "95", "target": "107"}, {"source": "96", "target": "85"}, {"source": "96", "target": "21"}, {"source": "96", "target": "84"}, {"source": "96", "target": "95"}, {"source": "96", "target": "92"}, {"source": "96", "target": "98"}, {"source": "96", "target": "15"}, {"source": "97", "target": "86"}, {"source": "97", "target": "87"}, {"source": "97", "target": "85"}, {"source": "97", "target": "94"}, {"source": "97", "target": "15"}, {"source": "97", "target": "84"}, {"source": "98", "target": "48"}, {"source": "98", "target": "92"}, {"source": "98", "target": "96"}, {"source": "99", "target": "84"}, {"source": "99", "target": "100"}, {"source": "99", "target": "40"}, {"source": "99", "target": "41"}, {"source": "99", "target": "101"}, {"source": "99", "target": "6"}, {"source": "99", "target": "85"}, {"source": "99", "target": "103"}, {"source": "99", "target": "104"}, {"source": "99", "target": "105"}, {"source": "99", "target": "106"}, {"source": "99", "target": "107"}, {"source": "99", "target": "102"}, {"source": "99", "target": "108"}, {"source": "99", "target": "109"}, {"source": "99", "target": "110"}, {"source": "99", "target": "92"}, {"source": "99", "target": "94"}, {"source": "99", "target": "34"}, {"source": "100", "target": "99"}, {"source": "100", "target": "84"}, {"source": "100", "target": "40"}, {"source": "100", "target": "41"}, {"source": "100", "target": "101"}, {"source": "100", "target": "6"}, {"source": "100", "target": "15"}, {"source": "100", "target": "93"}, {"source": "100", "target": "102"}, {"source": "100", "target": "85"}, {"source": "100", "target": "105"}, {"source": "100", "target": "104"}, {"source": "100", "target": "23"}, {"source": "100", "target": "107"}, {"source": "100", "target": "110"}, {"source": "100", "target": "109"}, {"source": "100", "target": "86"}, {"source": "101", "target": "40"}, {"source": "101", "target": "99"}, {"source": "101", "target": "84"}, {"source": "101", "target": "41"}, {"source": "101", "target": "100"}, {"source": "101", "target": "6"}, {"source": "101", "target": "85"}, {"source": "102", "target": "100"}, {"source": "102", "target": "84"}, {"source": "102", "target": "85"}, {"source": "102", "target": "105"}, {"source": "102", "target": "99"}, {"source": "102", "target": "104"}, {"source": "102", "target": "41"}, {"source": "103", "target": "84"}, {"source": "103", "target": "99"}, {"source": "103", "target": "85"}, {"source": "103", "target": "104"}, {"source": "104", "target": "84"}, {"source": "104", "target": "99"}, {"source": "104", "target": "103"}, {"source": "104", "target": "85"}, {"source": "104", "target": "105"}, {"source": "104", "target": "100"}, {"source": "104", "target": "41"}, {"source": "104", "target": "106"}, {"source": "104", "target": "94"}, {"source": "104", "target": "17"}, {"source": "104", "target": "15"}, {"source": "104", "target": "107"}, {"source": "104", "target": "102"}, {"source": "104", "target": "108"}, {"source": "104", "target": "109"}, {"source": "105", "target": "85"}, {"source": "105", "target": "99"}, {"source": "105", "target": "100"}, {"source": "105", "target": "41"}, {"source": "105", "target": "84"}, {"source": "105", "target": "104"}, {"source": "105", "target": "102"}, {"source": "106", "target": "104"}, {"source": "106", "target": "84"}, {"source": "106", "target": "85"}, {"source": "106", "target": "99"}, {"source": "106", "target": "109"}, {"source": "106", "target": "107"}, {"source": "107", "target": "99"}, {"source": "107", "target": "104"}, {"source": "107", "target": "41"}, {"source": "107", "target": "100"}, {"source": "107", "target": "84"}, {"source": "107", "target": "85"}, {"source": "107", "target": "92"}, {"source": "107", "target": "95"}, {"source": "107", "target": "109"}, {"source": "107", "target": "106"}, {"source": "107", "target": "110"}, {"source": "107", "target": "86"}, {"source": "107", "target": "94"}, {"source": "107", "target": "34"}, {"source": "108", "target": "99"}, {"source": "108", "target": "104"}, {"source": "108", "target": "84"}, {"source": "108", "target": "92"}, {"source": "109", "target": "107"}, {"source": "109", "target": "84"}, {"source": "109", "target": "99"}, {"source": "109", "target": "106"}, {"source": "109", "target": "100"}, {"source": "109", "target": "110"}, {"source": "109", "target": "86"}, {"source": "109", "target": "85"}, {"source": "109", "target": "104"}, {"source": "110", "target": "100"}, {"source": "110", "target": "99"}, {"source": "110", "target": "107"}, {"source": "110", "target": "109"}, {"source": "110", "target": "84"}, {"source": "110", "target": "86"}, {"source": "111", "target": "49"}, {"source": "111", "target": "53"}, {"source": "111", "target": "52"}, {"source": "111", "target": "55"}, {"source": "111", "target": "113"}, {"source": "112", "target": "49"}, {"source": "112", "target": "53"}, {"source": "112", "target": "15"}, {"source": "112", "target": "58"}, {"source": "112", "target": "52"}, {"source": "112", "target": "113"}, {"source": "113", "target": "49"}, {"source": "113", "target": "53"}, {"source": "113", "target": "111"}, {"source": "113", "target": "66"}, {"source": "113", "target": "55"}, {"source": "113", "target": "50"}, {"source": "113", "target": "114"}, {"source": "113", "target": "75"}, {"source": "113", "target": "52"}, {"source": "113", "target": "63"}, {"source": "113", "target": "60"}, {"source": "113", "target": "115"}, {"source": "113", "target": "76"}, {"source": "113", "target": "69"}, {"source": "113", "target": "112"}, {"source": "114", "target": "113"}, {"source": "114", "target": "50"}, {"source": "114", "target": "75"}, {"source": "114", "target": "53"}, {"source": "114", "target": "49"}, {"source": "115", "target": "113"}, {"source": "115", "target": "49"}, {"source": "115", "target": "60"}, {"source": "115", "target": "76"}]}