{"nodes": [{"id": "0", "label": "一灯", "size": 13}, {"id": "1", "label": "渔樵耕读", "size": 3}, {"id": "2", "label": "马青雄", "size": 4}, {"id": "3", "label": "木华黎", "size": 5}, {"id": "4", "label": "王重阳", "size": 7}, {"id": "5", "label": "丘处机", "size": 21}, {"id": "6", "label": "刘处玄", "size": 5}, {"id": "7", "label": "王处一", "size": 13}, {"id": "8", "label": "谭处端", "size": 6}, {"id": "9", "label": "马钰", "size": 13}, {"id": "10", "label": "孙不二", "size": 6}, {"id": "11", "label": "郝大通", "size": 5}, {"id": "12", "label": "尹志平", "size": 10}, {"id": "13", "label": "沈青刚", "size": 3}, {"id": "14", "label": "天竺僧人", "size": 3}, {"id": "15", "label": "王罕", "size": 8}, {"id": "16", "label": "包惜弱", "size": 12}, {"id": "17", "label": "术赤", "size": 5}, {"id": "18", "label": "札木合", "size": 8}, {"id": "19", "label": "华筝", "size": 13}, {"id": "20", "label": "李萍", "size": 9}, {"id": "21", "label": "瑛姑", "size": 13}, {"id": "22", "label": "吕文德", "size": 4}, {"id": "23", "label": "乔寨主", "size": 2}, {"id": "24", "label": "曲灵风", "size": 4}, {"id": "25", "label": "曲傻姑", "size": 1}, {"id": "26", "label": "全金发", "size": 11}, {"id": "27", "label": "汤祖德", "size": 3}, {"id": "28", "label": "朱聪", "size": 17}, {"id": "29", "label": "陈玄风", "size": 8}, {"id": "30", "label": "赤老温", "size": 5}, {"id": "31", "label": "瘦丐", "size": 3}, {"id": "32", "label": "陆乘风", "size": 8}, {"id": "33", "label": "陆冠英", "size": 14}, {"id": "34", "label": "沙通天", "size": 12}, {"id": "35", "label": "吴青烈", "size": 3}, {"id": "36", "label": "杨康", "size": 18}, {"id": "37", "label": "完颜康", "size": 15}, {"id": "38", "label": "杨铁心", "size": 14}, {"id": "39", "label": "余兆兴", "size": 3}, {"id": "40", "label": "张阿生", "size": 8}, {"id": "41", "label": "张十五", "size": 5}, {"id": "42", "label": "忽都虎", "size": 2}, {"id": "43", "label": "欧阳锋", "size": 29}, {"id": "44", "label": "欧阳克", "size": 21}, {"id": "45", "label": "梅超风", "size": 19}, {"id": "46", "label": "铁木真", "size": 15}, {"id": "47", "label": "拖雷", "size": 13}, {"id": "48", "label": "者勒米", "size": 4}, {"id": "49", "label": "段天德", "size": 10}, {"id": "50", "label": "枯木", "size": 5}, {"id": "51", "label": "周伯通", "size": 22}, {"id": "52", "label": "郭靖", "size": 57}, {"id": "53", "label": "郭啸天", "size": 9}, {"id": "54", "label": "洪七公", "size": 27}, {"id": "55", "label": "侯通海", "size": 12}, {"id": "56", "label": "柯镇恶", "size": 18}, {"id": "57", "label": "南希仁", "size": 10}, {"id": "58", "label": "胖妇人", "size": 3}, {"id": "59", "label": "胖丐", "size": 2}, {"id": "60", "label": "胖子", "size": 7}, {"id": "61", "label": "都史", "size": 7}, {"id": "62", "label": "钱青健", "size": 4}, {"id": "63", "label": "桑昆", "size": 9}, {"id": "64", "label": "黄蓉", "size": 50}, {"id": "65", "label": "黄药师", "size": 25}, {"id": "66", "label": "梁长老", "size": 4}, {"id": "67", "label": "梁子翁", "size": 13}, {"id": "68", "label": "渔人", "size": 9}, {"id": "69", "label": "博尔忽", "size": 5}, {"id": "70", "label": "博尔术", "size": 4}, {"id": "71", "label": "程瑶迦", "size": 11}, {"id": "72", "label": "韩宝驹", "size": 12}, {"id": "73", "label": "韩小莹", "size": 13}, {"id": "74", "label": "鲁有脚", "size": 10}, {"id": "75", "label": "穆念慈", "size": 16}, {"id": "76", "label": "彭长老", "size": 6}, {"id": "77", "label": "彭连虎", "size": 15}, {"id": "78", "label": "窝阔台", "size": 6}, {"id": "79", "label": "简长老", "size": 8}, {"id": "80", "label": "裘千仞", "size": 17}, {"id": "81", "label": "裘千丈", "size": 5}, {"id": "82", "label": "察合台", "size": 6}, {"id": "83", "label": "黎生", "size": 7}, {"id": "84", "label": "灵智上人", "size": 9}, {"id": "85", "label": "完颜洪烈", "size": 17}, {"id": "86", "label": "颜烈", "size": 7}, {"id": "87", "label": "完颜洪熙", "size": 6}, {"id": "88", "label": "焦木", "size": 7}, {"id": "89", "label": "韩侘胄", "size": 2}, {"id": "90", "label": "曲三", "size": 5}], "edges": [{"source": "0", "target": "52"}, {"source": "0", "target": "64"}, {"source": "0", "target": "21"}, {"source": "0", "target": "80"}, {"source": "0", "target": "81"}, {"source": "0", "target": "14"}, {"source": "0", "target": "43"}, {"source": "0", "target": "54"}, {"source": "0", "target": "32"}, {"source": "0", "target": "19"}, {"source": "0", "target": "68"}, {"source": "0", "target": "51"}, {"source": "0", "target": "5"}, {"source": "0", "target": "7"}, {"source": "0", "target": "9"}, {"source": "0", "target": "65"}, {"source": "0", "target": "36"}, {"source": "0", "target": "44"}, {"source": "0", "target": "74"}, {"source": "1", "target": "54"}, {"source": "1", "target": "52"}, {"source": "1", "target": "64"}, {"source": "1", "target": "21"}, {"source": "1", "target": "68"}, {"source": "2", "target": "13"}, {"source": "2", "target": "28"}, {"source": "2", "target": "34"}, {"source": "2", "target": "35"}, {"source": "2", "target": "52"}, {"source": "2", "target": "56"}, {"source": "2", "target": "62"}, {"source": "2", "target": "55"}, {"source": "2", "target": "64"}, {"source": "2", "target": "33"}, {"source": "2", "target": "54"}, {"source": "2", "target": "47"}, {"source": "2", "target": "69"}, {"source": "3", "target": "30"}, {"source": "3", "target": "69"}, {"source": "3", "target": "46"}, {"source": "3", "target": "87"}, {"source": "3", "target": "47"}, {"source": "3", "target": "63"}, {"source": "3", "target": "61"}, {"source": "3", "target": "85"}, {"source": "3", "target": "18"}, {"source": "3", "target": "82"}, {"source": "3", "target": "48"}, {"source": "3", "target": "52"}, {"source": "3", "target": "70"}, {"source": "3", "target": "78"}, {"source": "3", "target": "17"}, {"source": "4", "target": "5"}, {"source": "4", "target": "9"}, {"source": "4", "target": "6"}, {"source": "4", "target": "7"}, {"source": "4", "target": "8"}, {"source": "4", "target": "10"}, {"source": "4", "target": "11"}, {"source": "4", "target": "54"}, {"source": "4", "target": "51"}, {"source": "4", "target": "64"}, {"source": "4", "target": "52"}, {"source": "4", "target": "65"}, {"source": "4", "target": "80"}, {"source": "4", "target": "32"}, {"source": "4", "target": "45"}, {"source": "4", "target": "43"}, {"source": "4", "target": "44"}, {"source": "4", "target": "34"}, {"source": "4", "target": "21"}, {"source": "4", "target": "26"}, {"source": "4", "target": "28"}, {"source": "4", "target": "56"}, {"source": "4", "target": "57"}, {"source": "4", "target": "72"}, {"source": "4", "target": "73"}, {"source": "5", "target": "38"}, {"source": "5", "target": "53"}, {"source": "5", "target": "16"}, {"source": "5", "target": "36"}, {"source": "5", "target": "52"}, {"source": "5", "target": "86"}, {"source": "5", "target": "85"}, {"source": "5", "target": "28"}, {"source": "5", "target": "40"}, {"source": "5", "target": "56"}, {"source": "5", "target": "57"}, {"source": "5", "target": "60"}, {"source": "5", "target": "72"}, {"source": "5", "target": "88"}, {"source": "5", "target": "26"}, {"source": "5", "target": "73"}, {"source": "5", "target": "49"}, {"source": "5", "target": "20"}, {"source": "5", "target": "50"}, {"source": "5", "target": "15"}, {"source": "5", "target": "46"}, {"source": "5", "target": "87"}, {"source": "5", "target": "12"}, {"source": "5", "target": "4"}, {"source": "5", "target": "9"}, {"source": "5", "target": "45"}, {"source": "5", "target": "65"}, {"source": "5", "target": "19"}, {"source": "5", "target": "6"}, {"source": "5", "target": "7"}, {"source": "5", "target": "8"}, {"source": "5", "target": "10"}, {"source": "5", "target": "11"}, {"source": "5", "target": "67"}, {"source": "5", "target": "77"}, {"source": "5", "target": "84"}, {"source": "5", "target": "37"}, {"source": "5", "target": "29"}, {"source": "5", "target": "34"}, {"source": "5", "target": "44"}, {"source": "5", "target": "55"}, {"source": "5", "target": "75"}, {"source": "5", "target": "64"}, {"source": "5", "target": "54"}, {"source": "5", "target": "51"}, {"source": "5", "target": "33"}, {"source": "5", "target": "43"}, {"source": "5", "target": "71"}, {"source": "5", "target": "47"}, {"source": "5", "target": "80"}, {"source": "5", "target": "0"}, {"source": "5", "target": "74"}, {"source": "6", "target": "5"}, {"source": "6", "target": "4"}, {"source": "6", "target": "7"}, {"source": "6", "target": "8"}, {"source": "6", "target": "9"}, {"source": "6", "target": "10"}, {"source": "6", "target": "11"}, {"source": "6", "target": "12"}, {"source": "6", "target": "36"}, {"source": "6", "target": "65"}, {"source": "6", "target": "75"}, {"source": "6", "target": "51"}, {"source": "6", "target": "80"}, {"source": "6", "target": "64"}, {"source": "6", "target": "45"}, {"source": "6", "target": "54"}, {"source": "6", "target": "43"}, {"source": "6", "target": "52"}, {"source": "6", "target": "56"}, {"source": "7", "target": "5"}, {"source": "7", "target": "4"}, {"source": "7", "target": "6"}, {"source": "7", "target": "8"}, {"source": "7", "target": "9"}, {"source": "7", "target": "10"}, {"source": "7", "target": "11"}, {"source": "7", "target": "77"}, {"source": "7", "target": "67"}, {"source": "7", "target": "84"}, {"source": "7", "target": "52"}, {"source": "7", "target": "37"}, {"source": "7", "target": "55"}, {"source": "7", "target": "64"}, {"source": "7", "target": "12"}, {"source": "7", "target": "45"}, {"source": "7", "target": "75"}, {"source": "7", "target": "34"}, {"source": "7", "target": "44"}, {"source": "7", "target": "27"}, {"source": "7", "target": "85"}, {"source": "7", "target": "38"}, {"source": "7", "target": "28"}, {"source": "7", "target": "26"}, {"source": "7", "target": "56"}, {"source": "7", "target": "73"}, {"source": "7", "target": "65"}, {"source": "7", "target": "43"}, {"source": "7", "target": "51"}, {"source": "7", "target": "36"}, {"source": "7", "target": "54"}, {"source": "7", "target": "0"}, {"source": "7", "target": "19"}, {"source": "7", "target": "80"}, {"source": "8", "target": "5"}, {"source": "8", "target": "4"}, {"source": "8", "target": "7"}, {"source": "8", "target": "6"}, {"source": "8", "target": "9"}, {"source": "8", "target": "10"}, {"source": "8", "target": "11"}, {"source": "8", "target": "12"}, {"source": "8", "target": "36"}, {"source": "8", "target": "65"}, {"source": "8", "target": "75"}, {"source": "8", "target": "52"}, {"source": "8", "target": "45"}, {"source": "8", "target": "51"}, {"source": "8", "target": "43"}, {"source": "8", "target": "54"}, {"source": "8", "target": "64"}, {"source": "8", "target": "80"}, {"source": "8", "target": "56"}, {"source": "9", "target": "52"}, {"source": "9", "target": "28"}, {"source": "9", "target": "45"}, {"source": "9", "target": "5"}, {"source": "9", "target": "4"}, {"source": "9", "target": "56"}, {"source": "9", "target": "73"}, {"source": "9", "target": "12"}, {"source": "9", "target": "19"}, {"source": "9", "target": "65"}, {"source": "9", "target": "29"}, {"source": "9", "target": "72"}, {"source": "9", "target": "40"}, {"source": "9", "target": "8"}, {"source": "9", "target": "7"}, {"source": "9", "target": "6"}, {"source": "9", "target": "10"}, {"source": "9", "target": "11"}, {"source": "9", "target": "47"}, {"source": "9", "target": "62"}, {"source": "9", "target": "37"}, {"source": "9", "target": "38"}, {"source": "9", "target": "34"}, {"source": "9", "target": "44"}, {"source": "9", "target": "77"}, {"source": "9", "target": "55"}, {"source": "9", "target": "67"}, {"source": "9", "target": "16"}, {"source": "9", "target": "75"}, {"source": "9", "target": "26"}, {"source": "9", "target": "64"}, {"source": "9", "target": "54"}, {"source": "9", "target": "51"}, {"source": "9", "target": "43"}, {"source": "9", "target": "32"}, {"source": "9", "target": "36"}, {"source": "9", "target": "80"}, {"source": "9", "target": "85"}, {"source": "9", "target": "74"}, {"source": "9", "target": "79"}, {"source": "9", "target": "0"}, {"source": "10", "target": "5"}, {"source": "10", "target": "9"}, {"source": "10", "target": "4"}, {"source": "10", "target": "8"}, {"source": "10", "target": "7"}, {"source": "10", "target": "6"}, {"source": "10", "target": "11"}, {"source": "10", "target": "45"}, {"source": "10", "target": "73"}, {"source": "10", "target": "52"}, {"source": "10", "target": "64"}, {"source": "10", "target": "71"}, {"source": "10", "target": "36"}, {"source": "10", "target": "33"}, {"source": "10", "target": "55"}, {"source": "10", "target": "44"}, {"source": "10", "target": "12"}, {"source": "10", "target": "75"}, {"source": "10", "target": "65"}, {"source": "10", "target": "43"}, {"source": "10", "target": "56"}, {"source": "10", "target": "54"}, {"source": "10", "target": "51"}, {"source": "10", "target": "80"}, {"source": "11", "target": "5"}, {"source": "11", "target": "9"}, {"source": "11", "target": "4"}, {"source": "11", "target": "8"}, {"source": "11", "target": "7"}, {"source": "11", "target": "10"}, {"source": "11", "target": "6"}, {"source": "11", "target": "12"}, {"source": "11", "target": "36"}, {"source": "11", "target": "65"}, {"source": "11", "target": "75"}, {"source": "11", "target": "64"}, {"source": "11", "target": "56"}, {"source": "11", "target": "54"}, {"source": "11", "target": "52"}, {"source": "11", "target": "19"}, {"source": "11", "target": "80"}, {"source": "12", "target": "28"}, {"source": "12", "target": "26"}, {"source": "12", "target": "56"}, {"source": "12", "target": "73"}, {"source": "12", "target": "36"}, {"source": "12", "target": "5"}, {"source": "12", "target": "52"}, {"source": "12", "target": "9"}, {"source": "12", "target": "20"}, {"source": "12", "target": "7"}, {"source": "12", "target": "45"}, {"source": "12", "target": "37"}, {"source": "12", "target": "33"}, {"source": "12", "target": "55"}, {"source": "12", "target": "71"}, {"source": "12", "target": "32"}, {"source": "12", "target": "64"}, {"source": "12", "target": "44"}, {"source": "12", "target": "65"}, {"source": "12", "target": "77"}, {"source": "12", "target": "50"}, {"source": "12", "target": "10"}, {"source": "12", "target": "75"}, {"source": "12", "target": "11"}, {"source": "12", "target": "8"}, {"source": "12", "target": "6"}, {"source": "12", "target": "54"}, {"source": "12", "target": "51"}, {"source": "12", "target": "43"}, {"source": "12", "target": "34"}, {"source": "13", "target": "2"}, {"source": "13", "target": "28"}, {"source": "13", "target": "34"}, {"source": "13", "target": "35"}, {"source": "13", "target": "52"}, {"source": "13", "target": "56"}, {"source": "13", "target": "62"}, {"source": "13", "target": "55"}, {"source": "13", "target": "64"}, {"source": "13", "target": "33"}, {"source": "13", "target": "47"}, {"source": "13", "target": "69"}, {"source": "14", "target": "0"}, {"source": "14", "target": "43"}, {"source": "14", "target": "64"}, {"source": "14", "target": "52"}, {"source": "14", "target": "21"}, {"source": "15", "target": "5"}, {"source": "15", "target": "46"}, {"source": "15", "target": "85"}, {"source": "15", "target": "87"}, {"source": "15", "target": "18"}, {"source": "15", "target": "63"}, {"source": "15", "target": "47"}, {"source": "15", "target": "61"}, {"source": "15", "target": "52"}, {"source": "15", "target": "56"}, {"source": "15", "target": "19"}, {"source": "15", "target": "26"}, {"source": "15", "target": "69"}, {"source": "15", "target": "30"}, {"source": "15", "target": "82"}, {"source": "16", "target": "53"}, {"source": "16", "target": "38"}, {"source": "16", "target": "5"}, {"source": "16", "target": "20"}, {"source": "16", "target": "86"}, {"source": "16", "target": "49"}, {"source": "16", "target": "85"}, {"source": "16", "target": "89"}, {"source": "16", "target": "28"}, {"source": "16", "target": "60"}, {"source": "16", "target": "88"}, {"source": "16", "target": "36"}, {"source": "16", "target": "37"}, {"source": "16", "target": "52"}, {"source": "16", "target": "75"}, {"source": "16", "target": "27"}, {"source": "16", "target": "77"}, {"source": "16", "target": "9"}, {"source": "16", "target": "34"}, {"source": "16", "target": "64"}, {"source": "17", "target": "19"}, {"source": "17", "target": "52"}, {"source": "17", "target": "47"}, {"source": "17", "target": "78"}, {"source": "17", "target": "82"}, {"source": "17", "target": "3"}, {"source": "17", "target": "70"}, {"source": "17", "target": "74"}, {"source": "18", "target": "15"}, {"source": "18", "target": "46"}, {"source": "18", "target": "85"}, {"source": "18", "target": "87"}, {"source": "18", "target": "20"}, {"source": "18", "target": "47"}, {"source": "18", "target": "52"}, {"source": "18", "target": "63"}, {"source": "18", "target": "61"}, {"source": "18", "target": "19"}, {"source": "18", "target": "30"}, {"source": "18", "target": "82"}, {"source": "18", "target": "3"}, {"source": "19", "target": "63"}, {"source": "19", "target": "82"}, {"source": "19", "target": "46"}, {"source": "19", "target": "52"}, {"source": "19", "target": "47"}, {"source": "19", "target": "15"}, {"source": "19", "target": "61"}, {"source": "19", "target": "26"}, {"source": "19", "target": "69"}, {"source": "19", "target": "9"}, {"source": "19", "target": "56"}, {"source": "19", "target": "18"}, {"source": "19", "target": "5"}, {"source": "19", "target": "28"}, {"source": "19", "target": "45"}, {"source": "19", "target": "73"}, {"source": "19", "target": "20"}, {"source": "19", "target": "38"}, {"source": "19", "target": "49"}, {"source": "19", "target": "57"}, {"source": "19", "target": "64"}, {"source": "19", "target": "36"}, {"source": "19", "target": "65"}, {"source": "19", "target": "43"}, {"source": "19", "target": "80"}, {"source": "19", "target": "31"}, {"source": "19", "target": "59"}, {"source": "19", "target": "0"}, {"source": "19", "target": "21"}, {"source": "19", "target": "7"}, {"source": "19", "target": "11"}, {"source": "19", "target": "17"}, {"source": "19", "target": "78"}, {"source": "20", "target": "53"}, {"source": "20", "target": "16"}, {"source": "20", "target": "38"}, {"source": "20", "target": "49"}, {"source": "20", "target": "5"}, {"source": "20", "target": "88"}, {"source": "20", "target": "60"}, {"source": "20", "target": "72"}, {"source": "20", "target": "52"}, {"source": "20", "target": "46"}, {"source": "20", "target": "18"}, {"source": "20", "target": "47"}, {"source": "20", "target": "36"}, {"source": "20", "target": "73"}, {"source": "20", "target": "12"}, {"source": "20", "target": "28"}, {"source": "20", "target": "19"}, {"source": "20", "target": "40"}, {"source": "20", "target": "64"}, {"source": "21", "target": "52"}, {"source": "21", "target": "64"}, {"source": "21", "target": "80"}, {"source": "21", "target": "28"}, {"source": "21", "target": "32"}, {"source": "21", "target": "54"}, {"source": "21", "target": "68"}, {"source": "21", "target": "1"}, {"source": "21", "target": "0"}, {"source": "21", "target": "81"}, {"source": "21", "target": "19"}, {"source": "21", "target": "43"}, {"source": "21", "target": "14"}, {"source": "21", "target": "51"}, {"source": "21", "target": "65"}, {"source": "21", "target": "36"}, {"source": "21", "target": "44"}, {"source": "21", "target": "74"}, {"source": "21", "target": "4"}, {"source": "22", "target": "52"}, {"source": "22", "target": "64"}, {"source": "23", "target": "52"}, {"source": "24", "target": "52"}, {"source": "24", "target": "64"}, {"source": "24", "target": "51"}, {"source": "24", "target": "45"}, {"source": "24", "target": "65"}, {"source": "24", "target": "32"}, {"source": "24", "target": "29"}, {"source": "25", "target": "36"}, {"source": "25", "target": "54"}, {"source": "26", "target": "5"}, {"source": "26", "target": "28"}, {"source": "26", "target": "57"}, {"source": "26", "target": "40"}, {"source": "26", "target": "73"}, {"source": "26", "target": "88"}, {"source": "26", "target": "72"}, {"source": "26", "target": "56"}, {"source": "26", "target": "49"}, {"source": "26", "target": "36"}, {"source": "26", "target": "38"}, {"source": "26", "target": "52"}, {"source": "26", "target": "47"}, {"source": "26", "target": "45"}, {"source": "26", "target": "29"}, {"source": "26", "target": "19"}, {"source": "26", "target": "15"}, {"source": "26", "target": "46"}, {"source": "26", "target": "61"}, {"source": "26", "target": "69"}, {"source": "26", "target": "12"}, {"source": "26", "target": "44"}, {"source": "26", "target": "34"}, {"source": "26", "target": "77"}, {"source": "26", "target": "7"}, {"source": "26", "target": "9"}, {"source": "26", "target": "75"}, {"source": "26", "target": "64"}, {"source": "26", "target": "65"}, {"source": "26", "target": "43"}, {"source": "26", "target": "4"}, {"source": "27", "target": "7"}, {"source": "27", "target": "37"}, {"source": "27", "target": "85"}, {"source": "27", "target": "44"}, {"source": "27", "target": "67"}, {"source": "27", "target": "16"}, {"source": "27", "target": "38"}, {"source": "27", "target": "75"}, {"source": "28", "target": "5"}, {"source": "28", "target": "40"}, {"source": "28", "target": "56"}, {"source": "28", "target": "57"}, {"source": "28", "target": "60"}, {"source": "28", "target": "72"}, {"source": "28", "target": "85"}, {"source": "28", "target": "88"}, {"source": "28", "target": "26"}, {"source": "28", "target": "16"}, {"source": "28", "target": "73"}, {"source": "28", "target": "49"}, {"source": "28", "target": "52"}, {"source": "28", "target": "36"}, {"source": "28", "target": "38"}, {"source": "28", "target": "47"}, {"source": "28", "target": "29"}, {"source": "28", "target": "45"}, {"source": "28", "target": "61"}, {"source": "28", "target": "78"}, {"source": "28", "target": "12"}, {"source": "28", "target": "9"}, {"source": "28", "target": "65"}, {"source": "28", "target": "19"}, {"source": "28", "target": "46"}, {"source": "28", "target": "63"}, {"source": "28", "target": "2"}, {"source": "28", "target": "13"}, {"source": "28", "target": "34"}, {"source": "28", "target": "35"}, {"source": "28", "target": "62"}, {"source": "28", "target": "20"}, {"source": "28", "target": "44"}, {"source": "28", "target": "67"}, {"source": "28", "target": "7"}, {"source": "28", "target": "77"}, {"source": "28", "target": "55"}, {"source": "28", "target": "64"}, {"source": "28", "target": "33"}, {"source": "28", "target": "80"}, {"source": "28", "target": "51"}, {"source": "28", "target": "32"}, {"source": "28", "target": "37"}, {"source": "28", "target": "75"}, {"source": "28", "target": "43"}, {"source": "28", "target": "21"}, {"source": "28", "target": "4"}, {"source": "29", "target": "28"}, {"source": "29", "target": "73"}, {"source": "29", "target": "52"}, {"source": "29", "target": "40"}, {"source": "29", "target": "45"}, {"source": "29", "target": "56"}, {"source": "29", "target": "26"}, {"source": "29", "target": "57"}, {"source": "29", "target": "72"}, {"source": "29", "target": "60"}, {"source": "29", "target": "65"}, {"source": "29", "target": "9"}, {"source": "29", "target": "5"}, {"source": "29", "target": "36"}, {"source": "29", "target": "38"}, {"source": "29", "target": "53"}, {"source": "29", "target": "64"}, {"source": "29", "target": "77"}, {"source": "29", "target": "51"}, {"source": "29", "target": "43"}, {"source": "29", "target": "24"}, {"source": "29", "target": "32"}, {"source": "30", "target": "70"}, {"source": "30", "target": "46"}, {"source": "30", "target": "3"}, {"source": "30", "target": "69"}, {"source": "30", "target": "47"}, {"source": "30", "target": "87"}, {"source": "30", "target": "18"}, {"source": "30", "target": "15"}, {"source": "30", "target": "82"}, {"source": "30", "target": "52"}, {"source": "30", "target": "48"}, {"source": "30", "target": "78"}, {"source": "31", "target": "36"}, {"source": "31", "target": "59"}, {"source": "31", "target": "79"}, {"source": "31", "target": "19"}, {"source": "31", "target": "47"}, {"source": "31", "target": "52"}, {"source": "31", "target": "64"}, {"source": "32", "target": "45"}, {"source": "32", "target": "4"}, {"source": "32", "target": "65"}, {"source": "32", "target": "80"}, {"source": "32", "target": "54"}, {"source": "32", "target": "64"}, {"source": "32", "target": "52"}, {"source": "32", "target": "37"}, {"source": "32", "target": "33"}, {"source": "32", "target": "56"}, {"source": "32", "target": "50"}, {"source": "32", "target": "28"}, {"source": "32", "target": "49"}, {"source": "32", "target": "53"}, {"source": "32", "target": "85"}, {"source": "32", "target": "36"}, {"source": "32", "target": "9"}, {"source": "32", "target": "51"}, {"source": "32", "target": "43"}, {"source": "32", "target": "12"}, {"source": "32", "target": "71"}, {"source": "32", "target": "24"}, {"source": "32", "target": "21"}, {"source": "32", "target": "29"}, {"source": "32", "target": "0"}, {"source": "33", "target": "68"}, {"source": "33", "target": "52"}, {"source": "33", "target": "64"}, {"source": "33", "target": "2"}, {"source": "33", "target": "54"}, {"source": "33", "target": "37"}, {"source": "33", "target": "5"}, {"source": "33", "target": "50"}, {"source": "33", "target": "45"}, {"source": "33", "target": "80"}, {"source": "33", "target": "28"}, {"source": "33", "target": "32"}, {"source": "33", "target": "56"}, {"source": "33", "target": "65"}, {"source": "33", "target": "49"}, {"source": "33", "target": "36"}, {"source": "33", "target": "13"}, {"source": "33", "target": "35"}, {"source": "33", "target": "47"}, {"source": "33", "target": "62"}, {"source": "33", "target": "69"}, {"source": "33", "target": "71"}, {"source": "33", "target": "55"}, {"source": "33", "target": "77"}, {"source": "33", "target": "10"}, {"source": "33", "target": "12"}, {"source": "33", "target": "44"}, {"source": "33", "target": "34"}, {"source": "33", "target": "75"}, {"source": "33", "target": "74"}, {"source": "33", "target": "43"}, {"source": "33", "target": "85"}, {"source": "34", "target": "28"}, {"source": "34", "target": "2"}, {"source": "34", "target": "13"}, {"source": "34", "target": "35"}, {"source": "34", "target": "52"}, {"source": "34", "target": "56"}, {"source": "34", "target": "62"}, {"source": "34", "target": "55"}, {"source": "34", "target": "77"}, {"source": "34", "target": "85"}, {"source": "34", "target": "64"}, {"source": "34", "target": "7"}, {"source": "34", "target": "44"}, {"source": "34", "target": "37"}, {"source": "34", "target": "84"}, {"source": "34", "target": "67"}, {"source": "34", "target": "45"}, {"source": "34", "target": "26"}, {"source": "34", "target": "57"}, {"source": "34", "target": "72"}, {"source": "34", "target": "73"}, {"source": "34", "target": "5"}, {"source": "34", "target": "9"}, {"source": "34", "target": "16"}, {"source": "34", "target": "38"}, {"source": "34", "target": "75"}, {"source": "34", "target": "54"}, {"source": "34", "target": "43"}, {"source": "34", "target": "51"}, {"source": "34", "target": "65"}, {"source": "34", "target": "36"}, {"source": "34", "target": "71"}, {"source": "34", "target": "33"}, {"source": "34", "target": "4"}, {"source": "34", "target": "88"}, {"source": "34", "target": "80"}, {"source": "34", "target": "12"}, {"source": "34", "target": "60"}, {"source": "35", "target": "28"}, {"source": "35", "target": "34"}, {"source": "35", "target": "2"}, {"source": "35", "target": "13"}, {"source": "35", "target": "52"}, {"source": "35", "target": "56"}, {"source": "35", "target": "62"}, {"source": "35", "target": "55"}, {"source": "35", "target": "64"}, {"source": "35", "target": "33"}, {"source": "35", "target": "47"}, {"source": "35", "target": "69"}, {"source": "36", "target": "5"}, {"source": "36", "target": "38"}, {"source": "36", "target": "52"}, {"source": "36", "target": "53"}, {"source": "36", "target": "56"}, {"source": "36", "target": "16"}, {"source": "36", "target": "20"}, {"source": "36", "target": "28"}, {"source": "36", "target": "26"}, {"source": "36", "target": "12"}, {"source": "36", "target": "37"}, {"source": "36", "target": "29"}, {"source": "36", "target": "85"}, {"source": "36", "target": "65"}, {"source": "36", "target": "73"}, {"source": "36", "target": "45"}, {"source": "36", "target": "33"}, {"source": "36", "target": "64"}, {"source": "36", "target": "44"}, {"source": "36", "target": "75"}, {"source": "36", "target": "32"}, {"source": "36", "target": "84"}, {"source": "36", "target": "43"}, {"source": "36", "target": "51"}, {"source": "36", "target": "67"}, {"source": "36", "target": "77"}, {"source": "36", "target": "55"}, {"source": "36", "target": "34"}, {"source": "36", "target": "10"}, {"source": "36", "target": "71"}, {"source": "36", "target": "47"}, {"source": "36", "target": "19"}, {"source": "36", "target": "49"}, {"source": "36", "target": "9"}, {"source": "36", "target": "7"}, {"source": "36", "target": "11"}, {"source": "36", "target": "8"}, {"source": "36", "target": "6"}, {"source": "36", "target": "54"}, {"source": "36", "target": "31"}, {"source": "36", "target": "59"}, {"source": "36", "target": "79"}, {"source": "36", "target": "80"}, {"source": "36", "target": "74"}, {"source": "36", "target": "76"}, {"source": "36", "target": "25"}, {"source": "36", "target": "66"}, {"source": "36", "target": "83"}, {"source": "36", "target": "72"}, {"source": "36", "target": "0"}, {"source": "36", "target": "21"}, {"source": "36", "target": "60"}, {"source": "36", "target": "57"}, {"source": "37", "target": "7"}, {"source": "37", "target": "52"}, {"source": "37", "target": "5"}, {"source": "37", "target": "12"}, {"source": "37", "target": "9"}, {"source": "37", "target": "64"}, {"source": "37", "target": "75"}, {"source": "37", "target": "77"}, {"source": "37", "target": "67"}, {"source": "37", "target": "84"}, {"source": "37", "target": "44"}, {"source": "37", "target": "27"}, {"source": "37", "target": "85"}, {"source": "37", "target": "34"}, {"source": "37", "target": "38"}, {"source": "37", "target": "16"}, {"source": "37", "target": "36"}, {"source": "37", "target": "45"}, {"source": "37", "target": "33"}, {"source": "37", "target": "50"}, {"source": "37", "target": "80"}, {"source": "37", "target": "56"}, {"source": "37", "target": "32"}, {"source": "37", "target": "28"}, {"source": "37", "target": "49"}, {"source": "37", "target": "53"}, {"source": "37", "target": "47"}, {"source": "38", "target": "41"}, {"source": "38", "target": "53"}, {"source": "38", "target": "90"}, {"source": "38", "target": "16"}, {"source": "38", "target": "5"}, {"source": "38", "target": "36"}, {"source": "38", "target": "52"}, {"source": "38", "target": "20"}, {"source": "38", "target": "49"}, {"source": "38", "target": "86"}, {"source": "38", "target": "56"}, {"source": "38", "target": "73"}, {"source": "38", "target": "26"}, {"source": "38", "target": "28"}, {"source": "38", "target": "57"}, {"source": "38", "target": "19"}, {"source": "38", "target": "75"}, {"source": "38", "target": "37"}, {"source": "38", "target": "7"}, {"source": "38", "target": "64"}, {"source": "38", "target": "85"}, {"source": "38", "target": "29"}, {"source": "38", "target": "27"}, {"source": "38", "target": "9"}, {"source": "38", "target": "77"}, {"source": "38", "target": "44"}, {"source": "38", "target": "67"}, {"source": "38", "target": "34"}, {"source": "38", "target": "47"}, {"source": "39", "target": "83"}, {"source": "39", "target": "44"}, {"source": "39", "target": "52"}, {"source": "39", "target": "54"}, {"source": "39", "target": "64"}, {"source": "39", "target": "66"}, {"source": "39", "target": "71"}, {"source": "39", "target": "74"}, {"source": "39", "target": "76"}, {"source": "39", "target": "79"}, {"source": "40", "target": "5"}, {"source": "40", "target": "28"}, {"source": "40", "target": "56"}, {"source": "40", "target": "57"}, {"source": "40", "target": "60"}, {"source": "40", "target": "72"}, {"source": "40", "target": "85"}, {"source": "40", "target": "26"}, {"source": "40", "target": "73"}, {"source": "40", "target": "88"}, {"source": "40", "target": "47"}, {"source": "40", "target": "49"}, {"source": "40", "target": "52"}, {"source": "40", "target": "45"}, {"source": "40", "target": "29"}, {"source": "40", "target": "9"}, {"source": "40", "target": "65"}, {"source": "40", "target": "20"}, {"source": "40", "target": "64"}, {"source": "41", "target": "38"}, {"source": "41", "target": "53"}, {"source": "42", "target": "46"}, {"source": "42", "target": "48"}, {"source": "43", "target": "54"}, {"source": "43", "target": "44"}, {"source": "43", "target": "64"}, {"source": "43", "target": "52"}, {"source": "43", "target": "80"}, {"source": "43", "target": "51"}, {"source": "43", "target": "5"}, {"source": "43", "target": "9"}, {"source": "43", "target": "65"}, {"source": "43", "target": "29"}, {"source": "43", "target": "45"}, {"source": "43", "target": "4"}, {"source": "43", "target": "7"}, {"source": "43", "target": "34"}, {"source": "43", "target": "83"}, {"source": "43", "target": "84"}, {"source": "43", "target": "67"}, {"source": "43", "target": "77"}, {"source": "43", "target": "85"}, {"source": "43", "target": "32"}, {"source": "43", "target": "75"}, {"source": "43", "target": "36"}, {"source": "43", "target": "55"}, {"source": "43", "target": "8"}, {"source": "43", "target": "10"}, {"source": "43", "target": "6"}, {"source": "43", "target": "19"}, {"source": "43", "target": "47"}, {"source": "43", "target": "28"}, {"source": "43", "target": "26"}, {"source": "43", "target": "73"}, {"source": "43", "target": "14"}, {"source": "43", "target": "0"}, {"source": "43", "target": "21"}, {"source": "43", "target": "56"}, {"source": "43", "target": "81"}, {"source": "43", "target": "12"}, {"source": "43", "target": "60"}, {"source": "43", "target": "57"}, {"source": "43", "target": "33"}, {"source": "43", "target": "71"}, {"source": "43", "target": "74"}, {"source": "43", "target": "79"}, {"source": "44", "target": "37"}, {"source": "44", "target": "52"}, {"source": "44", "target": "7"}, {"source": "44", "target": "27"}, {"source": "44", "target": "67"}, {"source": "44", "target": "34"}, {"source": "44", "target": "77"}, {"source": "44", "target": "55"}, {"source": "44", "target": "84"}, {"source": "44", "target": "85"}, {"source": "44", "target": "64"}, {"source": "44", "target": "28"}, {"source": "44", "target": "45"}, {"source": "44", "target": "60"}, {"source": "44", "target": "26"}, {"source": "44", "target": "56"}, {"source": "44", "target": "57"}, {"source": "44", "target": "72"}, {"source": "44", "target": "5"}, {"source": "44", "target": "9"}, {"source": "44", "target": "38"}, {"source": "44", "target": "73"}, {"source": "44", "target": "54"}, {"source": "44", "target": "43"}, {"source": "44", "target": "75"}, {"source": "44", "target": "83"}, {"source": "44", "target": "39"}, {"source": "44", "target": "36"}, {"source": "44", "target": "65"}, {"source": "44", "target": "47"}, {"source": "44", "target": "51"}, {"source": "44", "target": "4"}, {"source": "44", "target": "71"}, {"source": "44", "target": "12"}, {"source": "44", "target": "33"}, {"source": "44", "target": "10"}, {"source": "44", "target": "66"}, {"source": "44", "target": "74"}, {"source": "44", "target": "80"}, {"source": "44", "target": "0"}, {"source": "44", "target": "21"}, {"source": "45", "target": "28"}, {"source": "45", "target": "73"}, {"source": "45", "target": "56"}, {"source": "45", "target": "72"}, {"source": "45", "target": "57"}, {"source": "45", "target": "60"}, {"source": "45", "target": "26"}, {"source": "45", "target": "40"}, {"source": "45", "target": "29"}, {"source": "45", "target": "65"}, {"source": "45", "target": "52"}, {"source": "45", "target": "9"}, {"source": "45", "target": "5"}, {"source": "45", "target": "46"}, {"source": "45", "target": "63"}, {"source": "45", "target": "19"}, {"source": "45", "target": "47"}, {"source": "45", "target": "10"}, {"source": "45", "target": "7"}, {"source": "45", "target": "12"}, {"source": "45", "target": "64"}, {"source": "45", "target": "44"}, {"source": "45", "target": "34"}, {"source": "45", "target": "67"}, {"source": "45", "target": "77"}, {"source": "45", "target": "55"}, {"source": "45", "target": "37"}, {"source": "45", "target": "85"}, {"source": "45", "target": "75"}, {"source": "45", "target": "33"}, {"source": "45", "target": "80"}, {"source": "45", "target": "32"}, {"source": "45", "target": "4"}, {"source": "45", "target": "54"}, {"source": "45", "target": "36"}, {"source": "45", "target": "51"}, {"source": "45", "target": "43"}, {"source": "45", "target": "8"}, {"source": "45", "target": "6"}, {"source": "45", "target": "24"}, {"source": "45", "target": "84"}, {"source": "46", "target": "52"}, {"source": "46", "target": "42"}, {"source": "46", "target": "48"}, {"source": "46", "target": "78"}, {"source": "46", "target": "47"}, {"source": "46", "target": "82"}, {"source": "46", "target": "30"}, {"source": "46", "target": "70"}, {"source": "46", "target": "20"}, {"source": "46", "target": "5"}, {"source": "46", "target": "15"}, {"source": "46", "target": "85"}, {"source": "46", "target": "87"}, {"source": "46", "target": "18"}, {"source": "46", "target": "3"}, {"source": "46", "target": "69"}, {"source": "46", "target": "63"}, {"source": "46", "target": "61"}, {"source": "46", "target": "19"}, {"source": "46", "target": "56"}, {"source": "46", "target": "26"}, {"source": "46", "target": "45"}, {"source": "46", "target": "28"}, {"source": "46", "target": "57"}, {"source": "46", "target": "73"}, {"source": "47", "target": "46"}, {"source": "47", "target": "78"}, {"source": "47", "target": "82"}, {"source": "47", "target": "52"}, {"source": "47", "target": "69"}, {"source": "47", "target": "18"}, {"source": "47", "target": "20"}, {"source": "47", "target": "30"}, {"source": "47", "target": "3"}, {"source": "47", "target": "15"}, {"source": "47", "target": "63"}, {"source": "47", "target": "61"}, {"source": "47", "target": "73"}, {"source": "47", "target": "72"}, {"source": "47", "target": "28"}, {"source": "47", "target": "26"}, {"source": "47", "target": "40"}, {"source": "47", "target": "49"}, {"source": "47", "target": "56"}, {"source": "47", "target": "57"}, {"source": "47", "target": "19"}, {"source": "47", "target": "9"}, {"source": "47", "target": "45"}, {"source": "47", "target": "38"}, {"source": "47", "target": "64"}, {"source": "47", "target": "35"}, {"source": "47", "target": "33"}, {"source": "47", "target": "2"}, {"source": "47", "target": "13"}, {"source": "47", "target": "62"}, {"source": "47", "target": "85"}, {"source": "47", "target": "44"}, {"source": "47", "target": "36"}, {"source": "47", "target": "75"}, {"source": "47", "target": "37"}, {"source": "47", "target": "5"}, {"source": "47", "target": "65"}, {"source": "47", "target": "43"}, {"source": "47", "target": "80"}, {"source": "47", "target": "31"}, {"source": "47", "target": "59"}, {"source": "47", "target": "70"}, {"source": "47", "target": "17"}, {"source": "48", "target": "42"}, {"source": "48", "target": "46"}, {"source": "48", "target": "78"}, {"source": "48", "target": "30"}, {"source": "48", "target": "3"}, {"source": "48", "target": "52"}, {"source": "48", "target": "69"}, {"source": "49", "target": "38"}, {"source": "49", "target": "53"}, {"source": "49", "target": "16"}, {"source": "49", "target": "86"}, {"source": "49", "target": "5"}, {"source": "49", "target": "20"}, {"source": "49", "target": "50"}, {"source": "49", "target": "88"}, {"source": "49", "target": "56"}, {"source": "49", "target": "72"}, {"source": "49", "target": "73"}, {"source": "49", "target": "26"}, {"source": "49", "target": "28"}, {"source": "49", "target": "60"}, {"source": "49", "target": "40"}, {"source": "49", "target": "47"}, {"source": "49", "target": "52"}, {"source": "49", "target": "57"}, {"source": "49", "target": "19"}, {"source": "49", "target": "85"}, {"source": "49", "target": "32"}, {"source": "49", "target": "33"}, {"source": "49", "target": "37"}, {"source": "49", "target": "36"}, {"source": "49", "target": "64"}, {"source": "50", "target": "49"}, {"source": "50", "target": "5"}, {"source": "50", "target": "88"}, {"source": "50", "target": "33"}, {"source": "50", "target": "37"}, {"source": "50", "target": "52"}, {"source": "50", "target": "64"}, {"source": "50", "target": "80"}, {"source": "50", "target": "32"}, {"source": "50", "target": "65"}, {"source": "50", "target": "12"}, {"source": "50", "target": "71"}, {"source": "51", "target": "5"}, {"source": "51", "target": "4"}, {"source": "51", "target": "54"}, {"source": "51", "target": "64"}, {"source": "51", "target": "52"}, {"source": "51", "target": "65"}, {"source": "51", "target": "80"}, {"source": "51", "target": "28"}, {"source": "51", "target": "9"}, {"source": "51", "target": "29"}, {"source": "51", "target": "45"}, {"source": "51", "target": "85"}, {"source": "51", "target": "43"}, {"source": "51", "target": "32"}, {"source": "51", "target": "57"}, {"source": "51", "target": "73"}, {"source": "51", "target": "44"}, {"source": "51", "target": "77"}, {"source": "51", "target": "7"}, {"source": "51", "target": "84"}, {"source": "51", "target": "34"}, {"source": "51", "target": "67"}, {"source": "51", "target": "36"}, {"source": "51", "target": "24"}, {"source": "51", "target": "75"}, {"source": "51", "target": "6"}, {"source": "51", "target": "8"}, {"source": "51", "target": "0"}, {"source": "51", "target": "21"}, {"source": "51", "target": "55"}, {"source": "51", "target": "56"}, {"source": "51", "target": "12"}, {"source": "51", "target": "10"}, {"source": "51", "target": "68"}, {"source": "52", "target": "5"}, {"source": "52", "target": "36"}, {"source": "52", "target": "38"}, {"source": "52", "target": "53"}, {"source": "52", "target": "20"}, {"source": "52", "target": "46"}, {"source": "52", "target": "78"}, {"source": "52", "target": "82"}, {"source": "52", "target": "47"}, {"source": "52", "target": "85"}, {"source": "52", "target": "87"}, {"source": "52", "target": "18"}, {"source": "52", "target": "69"}, {"source": "52", "target": "61"}, {"source": "52", "target": "73"}, {"source": "52", "target": "28"}, {"source": "52", "target": "72"}, {"source": "52", "target": "26"}, {"source": "52", "target": "56"}, {"source": "52", "target": "49"}, {"source": "52", "target": "40"}, {"source": "52", "target": "57"}, {"source": "52", "target": "29"}, {"source": "52", "target": "60"}, {"source": "52", "target": "45"}, {"source": "52", "target": "63"}, {"source": "52", "target": "15"}, {"source": "52", "target": "19"}, {"source": "52", "target": "12"}, {"source": "52", "target": "9"}, {"source": "52", "target": "65"}, {"source": "52", "target": "30"}, {"source": "52", "target": "70"}, {"source": "52", "target": "35"}, {"source": "52", "target": "34"}, {"source": "52", "target": "2"}, {"source": "52", "target": "13"}, {"source": "52", "target": "62"}, {"source": "52", "target": "48"}, {"source": "52", "target": "3"}, {"source": "52", "target": "64"}, {"source": "52", "target": "55"}, {"source": "52", "target": "67"}, {"source": "52", "target": "77"}, {"source": "52", "target": "84"}, {"source": "52", "target": "7"}, {"source": "52", "target": "37"}, {"source": "52", "target": "75"}, {"source": "52", "target": "44"}, {"source": "52", "target": "16"}, {"source": "52", "target": "58"}, {"source": "52", "target": "54"}, {"source": "52", "target": "51"}, {"source": "52", "target": "4"}, {"source": "52", "target": "43"}, {"source": "52", "target": "68"}, {"source": "52", "target": "33"}, {"source": "52", "target": "50"}, {"source": "52", "target": "80"}, {"source": "52", "target": "32"}, {"source": "52", "target": "10"}, {"source": "52", "target": "83"}, {"source": "52", "target": "71"}, {"source": "52", "target": "24"}, {"source": "52", "target": "8"}, {"source": "52", "target": "31"}, {"source": "52", "target": "59"}, {"source": "52", "target": "74"}, {"source": "52", "target": "76"}, {"source": "52", "target": "39"}, {"source": "52", "target": "66"}, {"source": "52", "target": "79"}, {"source": "52", "target": "81"}, {"source": "52", "target": "21"}, {"source": "52", "target": "1"}, {"source": "52", "target": "0"}, {"source": "52", "target": "14"}, {"source": "52", "target": "23"}, {"source": "52", "target": "88"}, {"source": "52", "target": "6"}, {"source": "52", "target": "11"}, {"source": "52", "target": "17"}, {"source": "52", "target": "22"}, {"source": "53", "target": "41"}, {"source": "53", "target": "38"}, {"source": "53", "target": "90"}, {"source": "53", "target": "16"}, {"source": "53", "target": "5"}, {"source": "53", "target": "36"}, {"source": "53", "target": "52"}, {"source": "53", "target": "20"}, {"source": "53", "target": "49"}, {"source": "53", "target": "86"}, {"source": "53", "target": "73"}, {"source": "53", "target": "88"}, {"source": "53", "target": "56"}, {"source": "53", "target": "75"}, {"source": "53", "target": "29"}, {"source": "53", "target": "72"}, {"source": "53", "target": "85"}, {"source": "53", "target": "32"}, {"source": "53", "target": "37"}, {"source": "54", "target": "52"}, {"source": "54", "target": "5"}, {"source": "54", "target": "64"}, {"source": "54", "target": "75"}, {"source": "54", "target": "4"}, {"source": "54", "target": "51"}, {"source": "54", "target": "65"}, {"source": "54", "target": "67"}, {"source": "54", "target": "34"}, {"source": "54", "target": "44"}, {"source": "54", "target": "77"}, {"source": "54", "target": "43"}, {"source": "54", "target": "9"}, {"source": "54", "target": "33"}, {"source": "54", "target": "2"}, {"source": "54", "target": "56"}, {"source": "54", "target": "32"}, {"source": "54", "target": "80"}, {"source": "54", "target": "45"}, {"source": "54", "target": "55"}, {"source": "54", "target": "83"}, {"source": "54", "target": "85"}, {"source": "54", "target": "84"}, {"source": "54", "target": "36"}, {"source": "54", "target": "7"}, {"source": "54", "target": "6"}, {"source": "54", "target": "8"}, {"source": "54", "target": "74"}, {"source": "54", "target": "76"}, {"source": "54", "target": "25"}, {"source": "54", "target": "39"}, {"source": "54", "target": "66"}, {"source": "54", "target": "71"}, {"source": "54", "target": "79"}, {"source": "54", "target": "21"}, {"source": "54", "target": "1"}, {"source": "54", "target": "68"}, {"source": "54", "target": "0"}, {"source": "54", "target": "11"}, {"source": "54", "target": "12"}, {"source": "54", "target": "10"}, {"source": "55", "target": "52"}, {"source": "55", "target": "13"}, {"source": "55", "target": "35"}, {"source": "55", "target": "57"}, {"source": "55", "target": "62"}, {"source": "55", "target": "64"}, {"source": "55", "target": "34"}, {"source": "55", "target": "77"}, {"source": "55", "target": "2"}, {"source": "55", "target": "67"}, {"source": "55", "target": "7"}, {"source": "55", "target": "85"}, {"source": "55", "target": "44"}, {"source": "55", "target": "84"}, {"source": "55", "target": "45"}, {"source": "55", "target": "72"}, {"source": "55", "target": "5"}, {"source": "55", "target": "9"}, {"source": "55", "target": "28"}, {"source": "55", "target": "54"}, {"source": "55", "target": "65"}, {"source": "55", "target": "43"}, {"source": "55", "target": "36"}, {"source": "55", "target": "71"}, {"source": "55", "target": "33"}, {"source": "55", "target": "10"}, {"source": "55", "target": "12"}, {"source": "55", "target": "51"}, {"source": "55", "target": "56"}, {"source": "55", "target": "80"}, {"source": "56", "target": "5"}, {"source": "56", "target": "28"}, {"source": "56", "target": "40"}, {"source": "56", "target": "57"}, {"source": "56", "target": "60"}, {"source": "56", "target": "72"}, {"source": "56", "target": "85"}, {"source": "56", "target": "88"}, {"source": "56", "target": "86"}, {"source": "56", "target": "49"}, {"source": "56", "target": "26"}, {"source": "56", "target": "73"}, {"source": "56", "target": "53"}, {"source": "56", "target": "38"}, {"source": "56", "target": "36"}, {"source": "56", "target": "52"}, {"source": "56", "target": "47"}, {"source": "56", "target": "45"}, {"source": "56", "target": "29"}, {"source": "56", "target": "46"}, {"source": "56", "target": "15"}, {"source": "56", "target": "61"}, {"source": "56", "target": "63"}, {"source": "56", "target": "12"}, {"source": "56", "target": "9"}, {"source": "56", "target": "19"}, {"source": "56", "target": "65"}, {"source": "56", "target": "35"}, {"source": "56", "target": "34"}, {"source": "56", "target": "2"}, {"source": "56", "target": "13"}, {"source": "56", "target": "62"}, {"source": "56", "target": "84"}, {"source": "56", "target": "77"}, {"source": "56", "target": "44"}, {"source": "56", "target": "7"}, {"source": "56", "target": "64"}, {"source": "56", "target": "80"}, {"source": "56", "target": "54"}, {"source": "56", "target": "37"}, {"source": "56", "target": "32"}, {"source": "56", "target": "33"}, {"source": "56", "target": "11"}, {"source": "56", "target": "43"}, {"source": "56", "target": "55"}, {"source": "56", "target": "67"}, {"source": "56", "target": "51"}, {"source": "56", "target": "4"}, {"source": "56", "target": "8"}, {"source": "56", "target": "6"}, {"source": "56", "target": "10"}, {"source": "57", "target": "5"}, {"source": "57", "target": "40"}, {"source": "57", "target": "28"}, {"source": "57", "target": "56"}, {"source": "57", "target": "60"}, {"source": "57", "target": "72"}, {"source": "57", "target": "85"}, {"source": "57", "target": "26"}, {"source": "57", "target": "88"}, {"source": "57", "target": "49"}, {"source": "57", "target": "52"}, {"source": "57", "target": "47"}, {"source": "57", "target": "73"}, {"source": "57", "target": "45"}, {"source": "57", "target": "29"}, {"source": "57", "target": "38"}, {"source": "57", "target": "46"}, {"source": "57", "target": "19"}, {"source": "57", "target": "55"}, {"source": "57", "target": "62"}, {"source": "57", "target": "44"}, {"source": "57", "target": "34"}, {"source": "57", "target": "64"}, {"source": "57", "target": "65"}, {"source": "57", "target": "51"}, {"source": "57", "target": "4"}, {"source": "57", "target": "43"}, {"source": "57", "target": "80"}, {"source": "57", "target": "36"}, {"source": "58", "target": "52"}, {"source": "58", "target": "60"}, {"source": "58", "target": "64"}, {"source": "59", "target": "36"}, {"source": "59", "target": "31"}, {"source": "59", "target": "79"}, {"source": "59", "target": "19"}, {"source": "59", "target": "52"}, {"source": "59", "target": "47"}, {"source": "59", "target": "64"}, {"source": "60", "target": "85"}, {"source": "60", "target": "5"}, {"source": "60", "target": "57"}, {"source": "60", "target": "40"}, {"source": "60", "target": "28"}, {"source": "60", "target": "56"}, {"source": "60", "target": "72"}, {"source": "60", "target": "16"}, {"source": "60", "target": "49"}, {"source": "60", "target": "20"}, {"source": "60", "target": "45"}, {"source": "60", "target": "73"}, {"source": "60", "target": "52"}, {"source": "60", "target": "29"}, {"source": "60", "target": "44"}, {"source": "60", "target": "64"}, {"source": "60", "target": "58"}, {"source": "60", "target": "75"}, {"source": "60", "target": "36"}, {"source": "60", "target": "34"}, {"source": "60", "target": "65"}, {"source": "60", "target": "43"}, {"source": "61", "target": "46"}, {"source": "61", "target": "15"}, {"source": "61", "target": "63"}, {"source": "61", "target": "47"}, {"source": "61", "target": "52"}, {"source": "61", "target": "73"}, {"source": "61", "target": "72"}, {"source": "61", "target": "28"}, {"source": "61", "target": "78"}, {"source": "61", "target": "18"}, {"source": "61", "target": "85"}, {"source": "61", "target": "87"}, {"source": "61", "target": "56"}, {"source": "61", "target": "19"}, {"source": "61", "target": "26"}, {"source": "61", "target": "69"}, {"source": "61", "target": "3"}, {"source": "61", "target": "82"}, {"source": "62", "target": "35"}, {"source": "62", "target": "28"}, {"source": "62", "target": "34"}, {"source": "62", "target": "56"}, {"source": "62", "target": "52"}, {"source": "62", "target": "2"}, {"source": "62", "target": "13"}, {"source": "62", "target": "57"}, {"source": "62", "target": "55"}, {"source": "62", "target": "9"}, {"source": "62", "target": "64"}, {"source": "62", "target": "33"}, {"source": "62", "target": "47"}, {"source": "62", "target": "69"}, {"source": "63", "target": "18"}, {"source": "63", "target": "15"}, {"source": "63", "target": "46"}, {"source": "63", "target": "85"}, {"source": "63", "target": "87"}, {"source": "63", "target": "3"}, {"source": "63", "target": "47"}, {"source": "63", "target": "61"}, {"source": "63", "target": "52"}, {"source": "63", "target": "19"}, {"source": "63", "target": "56"}, {"source": "63", "target": "45"}, {"source": "63", "target": "28"}, {"source": "63", "target": "82"}, {"source": "64", "target": "52"}, {"source": "64", "target": "55"}, {"source": "64", "target": "62"}, {"source": "64", "target": "35"}, {"source": "64", "target": "13"}, {"source": "64", "target": "2"}, {"source": "64", "target": "67"}, {"source": "64", "target": "77"}, {"source": "64", "target": "7"}, {"source": "64", "target": "37"}, {"source": "64", "target": "34"}, {"source": "64", "target": "84"}, {"source": "64", "target": "85"}, {"source": "64", "target": "38"}, {"source": "64", "target": "44"}, {"source": "64", "target": "45"}, {"source": "64", "target": "65"}, {"source": "64", "target": "29"}, {"source": "64", "target": "72"}, {"source": "64", "target": "73"}, {"source": "64", "target": "5"}, {"source": "64", "target": "26"}, {"source": "64", "target": "28"}, {"source": "64", "target": "60"}, {"source": "64", "target": "9"}, {"source": "64", "target": "56"}, {"source": "64", "target": "58"}, {"source": "64", "target": "54"}, {"source": "64", "target": "75"}, {"source": "64", "target": "57"}, {"source": "64", "target": "51"}, {"source": "64", "target": "4"}, {"source": "64", "target": "43"}, {"source": "64", "target": "16"}, {"source": "64", "target": "68"}, {"source": "64", "target": "33"}, {"source": "64", "target": "50"}, {"source": "64", "target": "80"}, {"source": "64", "target": "32"}, {"source": "64", "target": "36"}, {"source": "64", "target": "83"}, {"source": "64", "target": "10"}, {"source": "64", "target": "71"}, {"source": "64", "target": "47"}, {"source": "64", "target": "69"}, {"source": "64", "target": "19"}, {"source": "64", "target": "24"}, {"source": "64", "target": "12"}, {"source": "64", "target": "49"}, {"source": "64", "target": "11"}, {"source": "64", "target": "6"}, {"source": "64", "target": "8"}, {"source": "64", "target": "74"}, {"source": "64", "target": "39"}, {"source": "64", "target": "66"}, {"source": "64", "target": "76"}, {"source": "64", "target": "79"}, {"source": "64", "target": "31"}, {"source": "64", "target": "59"}, {"source": "64", "target": "81"}, {"source": "64", "target": "21"}, {"source": "64", "target": "1"}, {"source": "64", "target": "0"}, {"source": "64", "target": "14"}, {"source": "64", "target": "40"}, {"source": "64", "target": "20"}, {"source": "64", "target": "22"}, {"source": "65", "target": "29"}, {"source": "65", "target": "45"}, {"source": "65", "target": "9"}, {"source": "65", "target": "28"}, {"source": "65", "target": "5"}, {"source": "65", "target": "56"}, {"source": "65", "target": "40"}, {"source": "65", "target": "52"}, {"source": "65", "target": "64"}, {"source": "65", "target": "7"}, {"source": "65", "target": "73"}, {"source": "65", "target": "72"}, {"source": "65", "target": "57"}, {"source": "65", "target": "54"}, {"source": "65", "target": "4"}, {"source": "65", "target": "51"}, {"source": "65", "target": "80"}, {"source": "65", "target": "32"}, {"source": "65", "target": "33"}, {"source": "65", "target": "50"}, {"source": "65", "target": "26"}, {"source": "65", "target": "36"}, {"source": "65", "target": "44"}, {"source": "65", "target": "75"}, {"source": "65", "target": "43"}, {"source": "65", "target": "85"}, {"source": "65", "target": "77"}, {"source": "65", "target": "84"}, {"source": "65", "target": "34"}, {"source": "65", "target": "55"}, {"source": "65", "target": "71"}, {"source": "65", "target": "12"}, {"source": "65", "target": "67"}, {"source": "65", "target": "11"}, {"source": "65", "target": "8"}, {"source": "65", "target": "10"}, {"source": "65", "target": "6"}, {"source": "65", "target": "19"}, {"source": "65", "target": "47"}, {"source": "65", "target": "24"}, {"source": "65", "target": "66"}, {"source": "65", "target": "68"}, {"source": "65", "target": "21"}, {"source": "65", "target": "0"}, {"source": "65", "target": "81"}, {"source": "65", "target": "60"}, {"source": "66", "target": "54"}, {"source": "66", "target": "64"}, {"source": "66", "target": "44"}, {"source": "66", "target": "52"}, {"source": "66", "target": "39"}, {"source": "66", "target": "71"}, {"source": "66", "target": "74"}, {"source": "66", "target": "83"}, {"source": "66", "target": "76"}, {"source": "66", "target": "36"}, {"source": "66", "target": "65"}, {"source": "66", "target": "79"}, {"source": "66", "target": "80"}, {"source": "67", "target": "64"}, {"source": "67", "target": "55"}, {"source": "67", "target": "77"}, {"source": "67", "target": "52"}, {"source": "67", "target": "7"}, {"source": "67", "target": "5"}, {"source": "67", "target": "84"}, {"source": "67", "target": "37"}, {"source": "67", "target": "27"}, {"source": "67", "target": "44"}, {"source": "67", "target": "34"}, {"source": "67", "target": "85"}, {"source": "67", "target": "45"}, {"source": "67", "target": "28"}, {"source": "67", "target": "9"}, {"source": "67", "target": "38"}, {"source": "67", "target": "54"}, {"source": "67", "target": "43"}, {"source": "67", "target": "51"}, {"source": "67", "target": "36"}, {"source": "67", "target": "65"}, {"source": "67", "target": "56"}, {"source": "67", "target": "80"}, {"source": "68", "target": "52"}, {"source": "68", "target": "64"}, {"source": "68", "target": "33"}, {"source": "68", "target": "65"}, {"source": "68", "target": "21"}, {"source": "68", "target": "54"}, {"source": "68", "target": "1"}, {"source": "68", "target": "0"}, {"source": "68", "target": "51"}, {"source": "68", "target": "80"}, {"source": "69", "target": "30"}, {"source": "69", "target": "3"}, {"source": "69", "target": "46"}, {"source": "69", "target": "47"}, {"source": "69", "target": "52"}, {"source": "69", "target": "26"}, {"source": "69", "target": "19"}, {"source": "69", "target": "61"}, {"source": "69", "target": "15"}, {"source": "69", "target": "48"}, {"source": "69", "target": "64"}, {"source": "69", "target": "35"}, {"source": "69", "target": "62"}, {"source": "69", "target": "33"}, {"source": "69", "target": "2"}, {"source": "69", "target": "13"}, {"source": "69", "target": "70"}, {"source": "69", "target": "78"}, {"source": "69", "target": "82"}, {"source": "69", "target": "85"}, {"source": "70", "target": "30"}, {"source": "70", "target": "46"}, {"source": "70", "target": "52"}, {"source": "70", "target": "69"}, {"source": "70", "target": "47"}, {"source": "70", "target": "3"}, {"source": "70", "target": "78"}, {"source": "70", "target": "82"}, {"source": "70", "target": "17"}, {"source": "71", "target": "52"}, {"source": "71", "target": "10"}, {"source": "71", "target": "64"}, {"source": "71", "target": "55"}, {"source": "71", "target": "77"}, {"source": "71", "target": "33"}, {"source": "71", "target": "44"}, {"source": "71", "target": "83"}, {"source": "71", "target": "12"}, {"source": "71", "target": "5"}, {"source": "71", "target": "32"}, {"source": "71", "target": "65"}, {"source": "71", "target": "50"}, {"source": "71", "target": "34"}, {"source": "71", "target": "75"}, {"source": "71", "target": "36"}, {"source": "71", "target": "54"}, {"source": "71", "target": "66"}, {"source": "71", "target": "39"}, {"source": "71", "target": "74"}, {"source": "71", "target": "43"}, {"source": "72", "target": "60"}, {"source": "72", "target": "5"}, {"source": "72", "target": "57"}, {"source": "72", "target": "40"}, {"source": "72", "target": "28"}, {"source": "72", "target": "56"}, {"source": "72", "target": "85"}, {"source": "72", "target": "88"}, {"source": "72", "target": "26"}, {"source": "72", "target": "73"}, {"source": "72", "target": "49"}, {"source": "72", "target": "20"}, {"source": "72", "target": "52"}, {"source": "72", "target": "47"}, {"source": "72", "target": "45"}, {"source": "72", "target": "29"}, {"source": "72", "target": "61"}, {"source": "72", "target": "9"}, {"source": "72", "target": "44"}, {"source": "72", "target": "64"}, {"source": "72", "target": "34"}, {"source": "72", "target": "77"}, {"source": "72", "target": "55"}, {"source": "72", "target": "65"}, {"source": "72", "target": "80"}, {"source": "72", "target": "53"}, {"source": "72", "target": "36"}, {"source": "72", "target": "4"}, {"source": "73", "target": "5"}, {"source": "73", "target": "26"}, {"source": "73", "target": "40"}, {"source": "73", "target": "72"}, {"source": "73", "target": "28"}, {"source": "73", "target": "88"}, {"source": "73", "target": "56"}, {"source": "73", "target": "49"}, {"source": "73", "target": "53"}, {"source": "73", "target": "38"}, {"source": "73", "target": "52"}, {"source": "73", "target": "47"}, {"source": "73", "target": "61"}, {"source": "73", "target": "57"}, {"source": "73", "target": "29"}, {"source": "73", "target": "45"}, {"source": "73", "target": "60"}, {"source": "73", "target": "12"}, {"source": "73", "target": "9"}, {"source": "73", "target": "19"}, {"source": "73", "target": "10"}, {"source": "73", "target": "20"}, {"source": "73", "target": "46"}, {"source": "73", "target": "34"}, {"source": "73", "target": "7"}, {"source": "73", "target": "64"}, {"source": "73", "target": "44"}, {"source": "73", "target": "65"}, {"source": "73", "target": "36"}, {"source": "73", "target": "51"}, {"source": "73", "target": "43"}, {"source": "73", "target": "4"}, {"source": "74", "target": "52"}, {"source": "74", "target": "64"}, {"source": "74", "target": "80"}, {"source": "74", "target": "83"}, {"source": "74", "target": "36"}, {"source": "74", "target": "54"}, {"source": "74", "target": "76"}, {"source": "74", "target": "66"}, {"source": "74", "target": "71"}, {"source": "74", "target": "44"}, {"source": "74", "target": "39"}, {"source": "74", "target": "33"}, {"source": "74", "target": "79"}, {"source": "74", "target": "9"}, {"source": "74", "target": "21"}, {"source": "74", "target": "0"}, {"source": "74", "target": "5"}, {"source": "74", "target": "17"}, {"source": "74", "target": "82"}, {"source": "74", "target": "43"}, {"source": "74", "target": "75"}, {"source": "75", "target": "7"}, {"source": "75", "target": "37"}, {"source": "75", "target": "52"}, {"source": "75", "target": "53"}, {"source": "75", "target": "38"}, {"source": "75", "target": "16"}, {"source": "75", "target": "27"}, {"source": "75", "target": "85"}, {"source": "75", "target": "5"}, {"source": "75", "target": "77"}, {"source": "75", "target": "9"}, {"source": "75", "target": "34"}, {"source": "75", "target": "26"}, {"source": "75", "target": "54"}, {"source": "75", "target": "64"}, {"source": "75", "target": "60"}, {"source": "75", "target": "44"}, {"source": "75", "target": "45"}, {"source": "75", "target": "36"}, {"source": "75", "target": "65"}, {"source": "75", "target": "28"}, {"source": "75", "target": "43"}, {"source": "75", "target": "71"}, {"source": "75", "target": "33"}, {"source": "75", "target": "51"}, {"source": "75", "target": "47"}, {"source": "75", "target": "12"}, {"source": "75", "target": "10"}, {"source": "75", "target": "11"}, {"source": "75", "target": "8"}, {"source": "75", "target": "6"}, {"source": "75", "target": "80"}, {"source": "75", "target": "81"}, {"source": "75", "target": "74"}, {"source": "75", "target": "76"}, {"source": "76", "target": "36"}, {"source": "76", "target": "54"}, {"source": "76", "target": "74"}, {"source": "76", "target": "79"}, {"source": "76", "target": "52"}, {"source": "76", "target": "66"}, {"source": "76", "target": "64"}, {"source": "76", "target": "39"}, {"source": "76", "target": "83"}, {"source": "76", "target": "75"}, {"source": "77", "target": "56"}, {"source": "77", "target": "34"}, {"source": "77", "target": "55"}, {"source": "77", "target": "64"}, {"source": "77", "target": "67"}, {"source": "77", "target": "52"}, {"source": "77", "target": "84"}, {"source": "77", "target": "7"}, {"source": "77", "target": "5"}, {"source": "77", "target": "37"}, {"source": "77", "target": "44"}, {"source": "77", "target": "85"}, {"source": "77", "target": "45"}, {"source": "77", "target": "29"}, {"source": "77", "target": "26"}, {"source": "77", "target": "72"}, {"source": "77", "target": "9"}, {"source": "77", "target": "38"}, {"source": "77", "target": "75"}, {"source": "77", "target": "16"}, {"source": "77", "target": "28"}, {"source": "77", "target": "54"}, {"source": "77", "target": "80"}, {"source": "77", "target": "43"}, {"source": "77", "target": "51"}, {"source": "77", "target": "65"}, {"source": "77", "target": "36"}, {"source": "77", "target": "71"}, {"source": "77", "target": "33"}, {"source": "77", "target": "12"}, {"source": "77", "target": "88"}, {"source": "78", "target": "46"}, {"source": "78", "target": "48"}, {"source": "78", "target": "47"}, {"source": "78", "target": "82"}, {"source": "78", "target": "52"}, {"source": "78", "target": "61"}, {"source": "78", "target": "28"}, {"source": "78", "target": "30"}, {"source": "78", "target": "69"}, {"source": "78", "target": "70"}, {"source": "78", "target": "3"}, {"source": "78", "target": "19"}, {"source": "78", "target": "17"}, {"source": "79", "target": "36"}, {"source": "79", "target": "31"}, {"source": "79", "target": "59"}, {"source": "79", "target": "76"}, {"source": "79", "target": "74"}, {"source": "79", "target": "80"}, {"source": "79", "target": "52"}, {"source": "79", "target": "64"}, {"source": "79", "target": "54"}, {"source": "79", "target": "9"}, {"source": "79", "target": "83"}, {"source": "79", "target": "66"}, {"source": "79", "target": "39"}, {"source": "79", "target": "43"}, {"source": "80", "target": "33"}, {"source": "80", "target": "52"}, {"source": "80", "target": "4"}, {"source": "80", "target": "64"}, {"source": "80", "target": "50"}, {"source": "80", "target": "51"}, {"source": "80", "target": "65"}, {"source": "80", "target": "37"}, {"source": "80", "target": "56"}, {"source": "80", "target": "72"}, {"source": "80", "target": "45"}, {"source": "80", "target": "32"}, {"source": "80", "target": "28"}, {"source": "80", "target": "54"}, {"source": "80", "target": "77"}, {"source": "80", "target": "43"}, {"source": "80", "target": "5"}, {"source": "80", "target": "9"}, {"source": "80", "target": "6"}, {"source": "80", "target": "85"}, {"source": "80", "target": "75"}, {"source": "80", "target": "36"}, {"source": "80", "target": "19"}, {"source": "80", "target": "47"}, {"source": "80", "target": "8"}, {"source": "80", "target": "74"}, {"source": "80", "target": "83"}, {"source": "80", "target": "79"}, {"source": "80", "target": "66"}, {"source": "80", "target": "81"}, {"source": "80", "target": "21"}, {"source": "80", "target": "0"}, {"source": "80", "target": "44"}, {"source": "80", "target": "34"}, {"source": "80", "target": "67"}, {"source": "80", "target": "11"}, {"source": "80", "target": "7"}, {"source": "80", "target": "10"}, {"source": "80", "target": "57"}, {"source": "80", "target": "55"}, {"source": "80", "target": "84"}, {"source": "80", "target": "68"}, {"source": "81", "target": "52"}, {"source": "81", "target": "80"}, {"source": "81", "target": "64"}, {"source": "81", "target": "21"}, {"source": "81", "target": "0"}, {"source": "81", "target": "75"}, {"source": "81", "target": "43"}, {"source": "81", "target": "65"}, {"source": "81", "target": "85"}, {"source": "82", "target": "46"}, {"source": "82", "target": "78"}, {"source": "82", "target": "47"}, {"source": "82", "target": "52"}, {"source": "82", "target": "19"}, {"source": "82", "target": "30"}, {"source": "82", "target": "15"}, {"source": "82", "target": "18"}, {"source": "82", "target": "63"}, {"source": "82", "target": "61"}, {"source": "82", "target": "3"}, {"source": "82", "target": "69"}, {"source": "82", "target": "70"}, {"source": "82", "target": "17"}, {"source": "82", "target": "74"}, {"source": "82", "target": "85"}, {"source": "83", "target": "39"}, {"source": "83", "target": "44"}, {"source": "83", "target": "52"}, {"source": "83", "target": "64"}, {"source": "83", "target": "54"}, {"source": "83", "target": "43"}, {"source": "83", "target": "71"}, {"source": "83", "target": "74"}, {"source": "83", "target": "80"}, {"source": "83", "target": "66"}, {"source": "83", "target": "36"}, {"source": "83", "target": "79"}, {"source": "83", "target": "76"}, {"source": "84", "target": "56"}, {"source": "84", "target": "52"}, {"source": "84", "target": "77"}, {"source": "84", "target": "5"}, {"source": "84", "target": "7"}, {"source": "84", "target": "67"}, {"source": "84", "target": "37"}, {"source": "84", "target": "34"}, {"source": "84", "target": "44"}, {"source": "84", "target": "55"}, {"source": "84", "target": "85"}, {"source": "84", "target": "64"}, {"source": "84", "target": "43"}, {"source": "84", "target": "51"}, {"source": "84", "target": "65"}, {"source": "84", "target": "54"}, {"source": "84", "target": "36"}, {"source": "84", "target": "45"}, {"source": "84", "target": "80"}, {"source": "85", "target": "16"}, {"source": "85", "target": "86"}, {"source": "85", "target": "89"}, {"source": "85", "target": "60"}, {"source": "85", "target": "5"}, {"source": "85", "target": "88"}, {"source": "85", "target": "72"}, {"source": "85", "target": "57"}, {"source": "85", "target": "40"}, {"source": "85", "target": "28"}, {"source": "85", "target": "56"}, {"source": "85", "target": "46"}, {"source": "85", "target": "15"}, {"source": "85", "target": "87"}, {"source": "85", "target": "52"}, {"source": "85", "target": "18"}, {"source": "85", "target": "63"}, {"source": "85", "target": "61"}, {"source": "85", "target": "3"}, {"source": "85", "target": "34"}, {"source": "85", "target": "55"}, {"source": "85", "target": "7"}, {"source": "85", "target": "27"}, {"source": "85", "target": "37"}, {"source": "85", "target": "84"}, {"source": "85", "target": "44"}, {"source": "85", "target": "77"}, {"source": "85", "target": "67"}, {"source": "85", "target": "64"}, {"source": "85", "target": "38"}, {"source": "85", "target": "49"}, {"source": "85", "target": "45"}, {"source": "85", "target": "75"}, {"source": "85", "target": "53"}, {"source": "85", "target": "32"}, {"source": "85", "target": "36"}, {"source": "85", "target": "47"}, {"source": "85", "target": "51"}, {"source": "85", "target": "54"}, {"source": "85", "target": "43"}, {"source": "85", "target": "65"}, {"source": "85", "target": "9"}, {"source": "85", "target": "80"}, {"source": "85", "target": "81"}, {"source": "85", "target": "33"}, {"source": "85", "target": "69"}, {"source": "85", "target": "82"}, {"source": "86", "target": "16"}, {"source": "86", "target": "49"}, {"source": "86", "target": "5"}, {"source": "86", "target": "53"}, {"source": "86", "target": "38"}, {"source": "86", "target": "85"}, {"source": "86", "target": "56"}, {"source": "87", "target": "5"}, {"source": "87", "target": "46"}, {"source": "87", "target": "15"}, {"source": "87", "target": "85"}, {"source": "87", "target": "52"}, {"source": "87", "target": "18"}, {"source": "87", "target": "3"}, {"source": "87", "target": "63"}, {"source": "87", "target": "30"}, {"source": "87", "target": "61"}, {"source": "88", "target": "85"}, {"source": "88", "target": "5"}, {"source": "88", "target": "56"}, {"source": "88", "target": "28"}, {"source": "88", "target": "72"}, {"source": "88", "target": "50"}, {"source": "88", "target": "49"}, {"source": "88", "target": "20"}, {"source": "88", "target": "16"}, {"source": "88", "target": "26"}, {"source": "88", "target": "73"}, {"source": "88", "target": "40"}, {"source": "88", "target": "57"}, {"source": "88", "target": "53"}, {"source": "88", "target": "77"}, {"source": "88", "target": "34"}, {"source": "88", "target": "52"}, {"source": "89", "target": "16"}, {"source": "89", "target": "85"}, {"source": "90", "target": "38"}, {"source": "90", "target": "53"}]}